PRAGMA foreign_keys=OFF;
BEGIN TRANSACTION;
CREATE TABLE IF NOT EXISTS "_prisma_migrations" (
    "id"                    TEXT PRIMARY KEY NOT NULL,
    "checksum"              TEXT NOT NULL,
    "finished_at"           DATETIME,
    "migration_name"        TEXT NOT NULL,
    "logs"                  TEXT,
    "rolled_back_at"        DATETIME,
    "started_at"            DATETIME NOT NULL DEFAULT current_timestamp,
    "applied_steps_count"   INTEGER UNSIGNED NOT NULL DEFAULT 0
);
INSERT INTO _prisma_migrations VALUES('ded65a59-d552-4ea5-b02c-27e5283c9209','ac5df9db1b301a8c69c62a6ad2a1e41dfdf61599e88530d3c8344700a2436697',1762420252849,'20251022163021_init',NULL,NULL,1762420252845,1);
INSERT INTO _prisma_migrations VALUES('01d0748f-84ad-42eb-9cb7-c5fbe57017c6','5df4f093c83c7337f037a457c76b9485b91ac80575ec8e8e9798038fd76d2ad6',1762420252852,'20251023104707_update_default_currency',NULL,NULL,1762420252849,1);
INSERT INTO _prisma_migrations VALUES('40c3068c-fe6d-473a-ba6f-6bc5fc19b712','d64d379bf2d9af3b10145734364ae81a698591b25177fd159bb3368ba14877d1',1762420252856,'20251023111016_add_tax_configuration',NULL,NULL,1762420252852,1);
INSERT INTO _prisma_migrations VALUES('d4d64bfc-7a29-4eda-b915-767657382bf0','cd7fb57e01470271c31f2e20dd3d2ddffb7afcd585b7ce26ba249e8a0bc9f081',1762420252856,'20251024120000_add_invoice_audit_log',NULL,NULL,1762420252856,1);
INSERT INTO _prisma_migrations VALUES('aed26968-fe00-4b4d-abf8-fb5bda280148','28c6f43384eaf85fbbeddadfc8212c1d853526240de4b2e2fb8b18160411d34a',1762420252858,'20251024144446_add_user_role',NULL,NULL,1762420252856,1);
INSERT INTO _prisma_migrations VALUES('63cbcdcb-cc6e-4b0a-8de1-2ff78cede197','c6facf401fe8eacf2d568bf360589fbaefda137aac2ceed2595c89c29ac40ebd',1762420252859,'20251026131522_tunisian_branding',NULL,NULL,1762420252858,1);
INSERT INTO _prisma_migrations VALUES('ee9fcca4-e698-486b-b1c4-54c5d7adb2bf','d08fe3f674a099ec8afd52096e7b7f764149667ea8034ccd840091ce50b80751',1762420252860,'20251029100148_add_messaging_settings',NULL,NULL,1762420252859,1);
INSERT INTO _prisma_migrations VALUES('66233b3e-76e0-4b6d-a4fa-6923a05d1c44','1e3efb137cd1470fd62daf66c4377940d6536210c30e63f8c947b745e1b1ddbf',1762420252861,'20251029113143_add_sender_identity_fields',NULL,NULL,1762420252860,1);
INSERT INTO _prisma_migrations VALUES('19760d86-647d-4d10-affb-75d00c730b06','a944ea9cdadbb73e77e9ca26101bbaa30f6686ee3330e9e6dbd513775c2929fe',1762420252863,'20251101141501_add_spam_filter_toggle',NULL,NULL,1762420252861,1);
INSERT INTO _prisma_migrations VALUES('7f805de6-d6e7-451d-8f48-d65edd3831fd','8ea32464ff7ab0f501f1d1ef747d7b75962320eecd7d710e8436d6f77fc5f156',1762420252865,'20251104113448_saved_responses',NULL,NULL,1762420252863,1);
INSERT INTO _prisma_migrations VALUES('1d055626-6445-49ae-95f8-a6e2cc66f6e5','7ef12b089c86c63ffcd8dd950a827974fce1d64bd610ed513f2bfa387728bd77',1762420252877,'20251105120000_multi_tenancy_isolation',NULL,NULL,1762420252865,1);
INSERT INTO _prisma_migrations VALUES('550a328a-6703-4b83-94a1-bffb79231c68','ac5df9db1b301a8c69c62a6ad2a1e41dfdf61599e88530d3c8344700a2436697',1762255928844,'20251022163021_init',NULL,NULL,1762255928839,1);
INSERT INTO _prisma_migrations VALUES('c364ed68-de0b-4b2a-b3b4-28bab9fa7994','5df4f093c83c7337f037a457c76b9485b91ac80575ec8e8e9798038fd76d2ad6',1762255928847,'20251023104707_update_default_currency',NULL,NULL,1762255928844,1);
INSERT INTO _prisma_migrations VALUES('a18447e4-147e-41b0-a3cb-71c4967c9967','d64d379bf2d9af3b10145734364ae81a698591b25177fd159bb3368ba14877d1',1762255928851,'20251023111016_add_tax_configuration',NULL,NULL,1762255928847,1);
INSERT INTO _prisma_migrations VALUES('9fd45a24-da57-428f-b1cb-9b925c01f048','cd7fb57e01470271c31f2e20dd3d2ddffb7afcd585b7ce26ba249e8a0bc9f081',1762255928851,'20251024120000_add_invoice_audit_log',NULL,NULL,1762255928851,1);
INSERT INTO _prisma_migrations VALUES('30e73ece-0206-4465-8047-5e18f44dd5e5','28c6f43384eaf85fbbeddadfc8212c1d853526240de4b2e2fb8b18160411d34a',1762255928852,'20251024144446_add_user_role',NULL,NULL,1762255928851,1);
INSERT INTO _prisma_migrations VALUES('dea927dc-02b4-4afb-931d-f233810996d5','c6facf401fe8eacf2d568bf360589fbaefda137aac2ceed2595c89c29ac40ebd',1762255928854,'20251026131522_tunisian_branding',NULL,NULL,1762255928852,1);
INSERT INTO _prisma_migrations VALUES('ff702e0c-f93a-4107-8e7b-ff2086cc806b','d08fe3f674a099ec8afd52096e7b7f764149667ea8034ccd840091ce50b80751',1762255928854,'20251029100148_add_messaging_settings',NULL,NULL,1762255928854,1);
INSERT INTO _prisma_migrations VALUES('9101ded7-0dda-4cdd-ba49-9757c0e3305b','1e3efb137cd1470fd62daf66c4377940d6536210c30e63f8c947b745e1b1ddbf',1762255928855,'20251029113143_add_sender_identity_fields',NULL,NULL,1762255928854,1);
INSERT INTO _prisma_migrations VALUES('f232113b-ef6f-421e-9266-124dd6956da8','a944ea9cdadbb73e77e9ca26101bbaa30f6686ee3330e9e6dbd513775c2929fe',1762255928857,'20251101141501_add_spam_filter_toggle',NULL,NULL,1762255928855,1);
INSERT INTO _prisma_migrations VALUES('22be3cca-9d31-4f86-94e5-da4856e69071','7ef12b089c86c63ffcd8dd950a827974fce1d64bd610ed513f2bfa387728bd77',1762255928867,'20251105120000_multi_tenancy_isolation',NULL,NULL,1762255928857,1);
INSERT INTO _prisma_migrations VALUES('7b6f3bcf-d59f-46ee-bf8a-98359eb2b831','8ea32464ff7ab0f501f1d1ef747d7b75962320eecd7d710e8436d6f77fc5f156',1762256088805,'20251104113448_saved_responses',NULL,NULL,1762256088803,1);
INSERT INTO _prisma_migrations VALUES('87b68de7-6e69-459f-844d-044079b04036','c0ae6e1b414f3a043003ad967c34c19839e13bc3f724c6fb12f585eefb4a820f',1762420311194,'20251106091151_add_email_tracking',NULL,NULL,1762420311188,1);
INSERT INTO _prisma_migrations VALUES('28d97f49-c295-4631-9824-be9a4153ebe8','9ca324e1e353c569585adb70ac816fc923b0586d73ca7df7363a5f257e262dd9',1762512706138,'20251107105146_add_auto_reply_settings',NULL,NULL,1762512706135,1);
INSERT INTO _prisma_migrations VALUES('2f5a68b3-62b6-493b-b908-eaa4a59e4769','432f87b35f541ee2644e395f5cb482052347e173970a59289a86520492dc40d7',1762517425308,'20251107121025_add_messaging_scheduled_emails',NULL,NULL,1762517425306,1);
INSERT INTO _prisma_migrations VALUES('f0f450c7-e1dc-4d6e-bee0-deacc50b3f1c','28d4496c98f303ef7b477b56758bf82dda91f7c2a57d6cc0f278dcf919f41042',1762766330125,'20251110091850_add_sender_fingerprint',NULL,NULL,1762766330124,1);
INSERT INTO _prisma_migrations VALUES('9e48a4f6-3da5-499b-baaa-8dcc312be2b3','8a88e2081dfbcca838c1eb18bd2a3c57bb9582876b45f43be7280a7b5149198c',1762774132978,'20251110112852_website_catalog',NULL,NULL,1762774132973,1);
INSERT INTO _prisma_migrations VALUES('9ed51668-8853-48a2-9e8e-49da2f36c215','bdc16d4ab2278051a54c12f129a0b8eb1011d523bbb9a944a63f681f3217cc75',1762776941168,'20251110121541_website_template_key',NULL,NULL,1762776941164,1);
CREATE TABLE IF NOT EXISTS "Session" (
    "id" TEXT NOT NULL PRIMARY KEY,
    "tokenHash" TEXT NOT NULL,
    "userId" TEXT NOT NULL,
    "createdAt" DATETIME NOT NULL DEFAULT CURRENT_TIMESTAMP,
    "expiresAt" DATETIME NOT NULL,
    CONSTRAINT "Session_userId_fkey" FOREIGN KEY ("userId") REFERENCES "User" ("id") ON DELETE CASCADE ON UPDATE CASCADE
);
INSERT INTO Session VALUES('cmhj88jna0002po71ucgtd8ur','437a972c71c573cbcc82ca54cb27e746c1796d67761f40bf71d27634a17b3027','cmhj88jhp0000po71e84c1kod',1762179602806,1762222802805);
INSERT INTO Session VALUES('cmhki35ea0003po4aavqlb71j','0cc5997a7c8d38a46dc13964b6defbfd5173afc3cf461a4fa3ea48062bbf242b','cmhj8mbrc0007potkyzck5wsk',1762256613395,1762299813394);
INSERT INTO Session VALUES('cmhki3piu0005po4a1mq7mnmy','af83b776f3657005fe1c8b6c4f566ace0a2d1e53410823c4b9e5bba696ded4ca','cmhj8olxe000gpotkv1uvb3ja',1762256639478,1762299839477);
INSERT INTO Session VALUES('cmhlyxrun000bpo214tg1w35d','6ab8621d80b9bdf04e9105ca143086c49e1c23c72630c3f4fed298c952e9574b','cmhj8olxe000gpotkv1uvb3ja',1762345382208,1762388582207);
INSERT INTO Session VALUES('cmhm6kw450001po1q2ansphsu','453d7cc399cf7250e32047590941231a060cb862a1b6cec459ae37424ccb3ce3','cmhj8mbrc0007potkyzck5wsk',1762358218134,1762401418133);
INSERT INTO Session VALUES('cmhm6oafx000wpo1quuma9unp','f22da0e5d2aa528956a9b60215b91ca0695a847231d8b5a2d0ae9da8d768ea86','cmhj8olxe000gpotkv1uvb3ja',1762358376669,1762401576668);
INSERT INTO Session VALUES('cmhn6h4em0001po2ntj0ionut','316050827e8e27c26087342f6ea58a8db87a60ca477144d3287a604a07b23462','cmhj8mbrc0007potkyzck5wsk',1762418508429,1762461708428);
INSERT INTO Session VALUES('cmhnavwxn0001nyv0ro5fmdnd','bbc9c73f9c79bbf9135cc33cb7aed8d8cf5fe1926baa97092d454c4f0d404238','cmhj8mbrc0007potkyzck5wsk',1762425917051,1762469117050);
INSERT INTO Session VALUES('cmhos41vj002fpom7v8oeclh3','aab93ae43ffd3b68b407e38d8988eee70810bd486b41718942c27c0147e7c6f7','cmhj8mbrc0007potkyzck5wsk',1762515316352,1762558516351);
INSERT INTO Session VALUES('cmhov22mt000bpoxwtvjmg2v1','f18ea1f8a336f66cb28265a9290fdb265a2783199220fa0a6d184c6cd680e80a','cmhj8mbrc0007potkyzck5wsk',1762520262869,1762563462868);
INSERT INTO Session VALUES('cmhq11afi0001povzr23rff7r','e0e621a38d5ff3796640b0d47766b8dbab5ce3fc7e7bcd65676a139dc1bb4a14','cmhj8mbrc0007potkyzck5wsk',1762590770189,1762633970188);
INSERT INTO Session VALUES('cmhswdb0z0001ny2yu3r4wjsq','1aa054e8235b70ddfeaf5c62befde34294b63de0229769730f473ef8b35c793a','cmhj8mbrc0007potkyzck5wsk',1762764331282,1762807531281);
INSERT INTO Session VALUES('cmhswzpox0001ny8lepw68y32','6e1a088349a4c0b137e85dbcd8c04682cdd50be89b12989f0d92bc3b13510ae8','cmhj8mbrc0007potkyzck5wsk',1762765376721,1762808576720);
CREATE TABLE IF NOT EXISTS "PdfTemplate" (
    "id" TEXT NOT NULL PRIMARY KEY,
    "type" TEXT NOT NULL,
    "name" TEXT NOT NULL,
    "content" JSONB NOT NULL,
    "createdAt" DATETIME NOT NULL DEFAULT CURRENT_TIMESTAMP,
    "updatedAt" DATETIME NOT NULL
);
CREATE TABLE IF NOT EXISTS "QuoteLine" (
    "id" TEXT NOT NULL PRIMARY KEY,
    "quoteId" TEXT NOT NULL,
    "productId" TEXT,
    "description" TEXT NOT NULL,
    "quantity" REAL NOT NULL,
    "unit" TEXT NOT NULL DEFAULT 'unité',
    "unitPriceHTCents" INTEGER NOT NULL,
    "vatRate" REAL NOT NULL,
    "discountRate" REAL,
    "discountAmountCents" INTEGER,
    "totalHTCents" INTEGER NOT NULL,
    "totalTVACents" INTEGER NOT NULL,
    "totalTTCCents" INTEGER NOT NULL,
    "position" INTEGER NOT NULL, "fodecAmountCents" INTEGER, "fodecRate" REAL,
    CONSTRAINT "QuoteLine_quoteId_fkey" FOREIGN KEY ("quoteId") REFERENCES "Quote" ("id") ON DELETE CASCADE ON UPDATE CASCADE,
    CONSTRAINT "QuoteLine_productId_fkey" FOREIGN KEY ("productId") REFERENCES "Product" ("id") ON DELETE SET NULL ON UPDATE CASCADE
);
INSERT INTO QuoteLine VALUES('cmhj8pmic000wpotkx1ljwzma','cmhj8pmic000upotk0vyo6qvf','cmhj8pfcw000qpotkwpg1lnbn','Design 3D',1.0,'unité',100000,20.0,NULL,0,100000,20000,120000,0,0,NULL);
INSERT INTO QuoteLine VALUES('cmhkdpiwy000hpo53n65zrdy8','cmhkdpiwy000fpo53s0dfvmo1','cmhkdp0i1000bpo539zmdbqcw','Adobe Creative Cloud - All Apps - 3 Mois',1.0,'unité',379000,0.0,NULL,0,379000,0,379000,0,0,NULL);
INSERT INTO QuoteLine VALUES('cmhkemjt5001bpo53x64wprjx','cmhkem4zo0017po53utadt1k3','cmhkelh0z0013po53pzbqk7h2','Produit de Test',1.0,'unité',100000,19.0,NULL,0,100000,19000,119000,0,0,NULL);
INSERT INTO QuoteLine VALUES('cmhluc7km000dpoojhk3mgyb9','cmhluaegw0001poojysuqcvle','cmhkdp0i1000bpo539zmdbqcw','Adobe Creative Cloud - All Apps - 3 Mois',5.0,'unité',379000,19.0,NULL,0,1895000,360050,2255050,0,0,NULL);
INSERT INTO QuoteLine VALUES('cmhlyzdsb000jpo21nyvgsv64','cmhlyzdsb000hpo21dfe2gdz6','cmhlyz50j000fpo21b7hh1d2t','Microsoft Office 365 - OneDrive 1 To',1.0,'unité',189000,7.0,NULL,0,189000,13230,202230,0,0,NULL);
INSERT INTO QuoteLine VALUES('cmhm6lz590009po1qgdm9ysvr','cmhm6lz590007po1q8fsckad3','cmhm6ln2p0005po1qfy8khkt3','Production',1.0,'unité',100000,20.0,NULL,0,100000,20000,120000,0,0,NULL);
INSERT INTO QuoteLine VALUES('cmhm6lz59000apo1quhngq5c3','cmhm6lz590007po1q8fsckad3','cmhlyz50j000fpo21b7hh1d2t','Microsoft Office 365 - OneDrive 1 To',1.0,'unité',189000,7.0,NULL,0,189000,13230,202230,1,0,NULL);
CREATE TABLE IF NOT EXISTS "InvoiceLine" (
    "id" TEXT NOT NULL PRIMARY KEY,
    "invoiceId" TEXT NOT NULL,
    "productId" TEXT,
    "description" TEXT NOT NULL,
    "quantity" REAL NOT NULL,
    "unit" TEXT NOT NULL DEFAULT 'unité',
    "unitPriceHTCents" INTEGER NOT NULL,
    "vatRate" REAL NOT NULL,
    "discountRate" REAL,
    "discountAmountCents" INTEGER,
    "totalHTCents" INTEGER NOT NULL,
    "totalTVACents" INTEGER NOT NULL,
    "totalTTCCents" INTEGER NOT NULL,
    "position" INTEGER NOT NULL, "fodecAmountCents" INTEGER, "fodecRate" REAL,
    CONSTRAINT "InvoiceLine_invoiceId_fkey" FOREIGN KEY ("invoiceId") REFERENCES "Invoice" ("id") ON DELETE CASCADE ON UPDATE CASCADE,
    CONSTRAINT "InvoiceLine_productId_fkey" FOREIGN KEY ("productId") REFERENCES "Product" ("id") ON DELETE SET NULL ON UPDATE CASCADE
);
INSERT INTO InvoiceLine VALUES('cmhj8q64t0012potkv6lx937a','cmhj8q64t0010potknj50wa63','cmhj8pfcw000qpotkwpg1lnbn','Design 3D',1.0,'unité',100000,20.0,NULL,0,100000,20000,120000,0,0,NULL);
INSERT INTO InvoiceLine VALUES('cmhkemzuo001lpo532zl2qzzh','cmhkemzuo001jpo530gu64pc7','cmhkelh0z0013po53pzbqk7h2','Produit de Test',1.0,'unité',100000,19.0,NULL,0,100000,19000,119000,0,0,NULL);
INSERT INTO InvoiceLine VALUES('cmhltlhwz0007poprm6qnbfst','cmhltlhwz0005poprzrw4kkfq','cmhkdp0i1000bpo539zmdbqcw','Adobe Creative Cloud - All Apps - 3 Mois',1.0,'unité',379000,0.0,NULL,0,379000,0,379000,0,0,NULL);
INSERT INTO InvoiceLine VALUES('cmhlz0io3000ppo21j24w0p93','cmhlz0io2000npo21cv65kgij','cmhlyz50j000fpo21b7hh1d2t','Microsoft Office 365 - OneDrive 1 To',1.0,'unité',189000,7.0,NULL,0,189000,13230,202230,0,0,NULL);
INSERT INTO InvoiceLine VALUES('cmhomdmhu0005poqcnfxaiifz','cmhomdmhu0003poqc66hmwn7i','cmhkdp0i1000bpo539zmdbqcw','Adobe Creative Cloud - All Apps - 3 Mois',1.0,'unité',379000,0.0,NULL,0,379000,0,379000,0,0,NULL);
INSERT INTO InvoiceLine VALUES('cmhq8g7f5000cpoh2nv65n7h3','cmhm6mn7z000hpo1qutmo276l','cmhm6ln2p0005po1qfy8khkt3','Production',1.0,'unité',100000,20.0,NULL,0,100000,20000,120000,0,0,NULL);
INSERT INTO InvoiceLine VALUES('cmhq8g7f5000dpoh23732c9x8','cmhm6mn7z000hpo1qutmo276l','cmhlyz50j000fpo21b7hh1d2t','Microsoft Office 365 - OneDrive 1 To',1.0,'unité',189000,7.0,NULL,0,189000,13230,202230,1,0,NULL);
CREATE TABLE IF NOT EXISTS "User" (
    "id" TEXT NOT NULL PRIMARY KEY,
    "email" TEXT NOT NULL,
    "passwordHash" TEXT NOT NULL,
    "name" TEXT,
    "role" TEXT NOT NULL DEFAULT 'VIEWER',
    "createdAt" DATETIME NOT NULL DEFAULT CURRENT_TIMESTAMP,
    "updatedAt" DATETIME NOT NULL
);
INSERT INTO User VALUES('cmhj88jhp0000po71e84c1kod','ali@gmail.com','$2b$12$CusJCC2oHo5EDDJvMyuYTeRtC.ppFnVWsVAnl0Wj5eurKdXJRiPYG','ali','VIEWER',1762179602604,1762179602604);
INSERT INTO User VALUES('cmhj8jq030000potkgf346ksz','pitaga166sss0@fenexy.com','$2b$12$PUBtvcvz2cevz2V3mqwgx.7iEDQN6w.LWuX1DJA/iiZ.4Xb6Gwbb6','Aziz','VIEWER',1762180124260,1762180124260);
INSERT INTO User VALUES('cmhj8mbrc0007potkyzck5wsk','brinisaziz@gmail.com','$2b$12$.a2oPhWsQH2nNhWj/NcY..1LRsTATh5a5RPGGYwdKgUkySRWsxSb.','Aziz Brinis','ADMIN',1762180245769,1762251298768);
INSERT INTO User VALUES('cmhj8olxe000gpotkv1uvb3ja','brinisfehri@gmail.com','$2b$12$Xw0dBVq4Ywu913igXTrMjeMYUaSem.Vxg.1LaBMMTGMy3I8cOJNS6','Fehri Brinis','VIEWER',1762180352259,1762180352259);
CREATE TABLE IF NOT EXISTS "MessagingSavedResponse" (
    "id" TEXT NOT NULL PRIMARY KEY,
    "userId" TEXT NOT NULL,
    "title" TEXT NOT NULL,
    "slug" TEXT,
    "description" TEXT,
    "content" TEXT NOT NULL,
    "format" TEXT NOT NULL DEFAULT 'PLAINTEXT',
    "builtIn" BOOLEAN NOT NULL DEFAULT false,
    "createdAt" DATETIME NOT NULL DEFAULT CURRENT_TIMESTAMP,
    "updatedAt" DATETIME NOT NULL,
    CONSTRAINT "MessagingSavedResponse_userId_fkey" FOREIGN KEY ("userId") REFERENCES "User" ("id") ON DELETE CASCADE ON UPDATE CASCADE
);
INSERT INTO MessagingSavedResponse VALUES('local_plain','cmhj8mbrc0007potkyzck5wsk','Réponse texte modifiée',NULL,'Texte simple','Bonjour client, merci pour votre message.','PLAINTEXT',0,'2025-11-04T11:39:57.942Z','2025-11-04T11:40:45.134Z');
INSERT INTO MessagingSavedResponse VALUES('default_quote','cmhj8mbrc0007potkyzck5wsk','Envoi d''un devis','default-quote-template','Modèle HTML élégant pour transmettre un devis avec un résumé clair.',unistr('<table role="presentation" width="100%" cellpadding="0" cellspacing="0" style="width:100%;border-collapse:separate;border-spacing:0;font-family:''Segoe UI'',''Helvetica Neue'',Arial,''Liberation Sans'',sans-serif;color:#0f172a;">\u000a  <tr>\u000a    <td style="padding-bottom:12px;">\u000a      <span style="display:inline-block;padding:6px 12px;border-radius:999px;background-color:#dbeafe;color:#1d4ed8;font-size:12px;font-weight:600;letter-spacing:0.08em;text-transform:uppercase;">Proposition commerciale</span>\u000a    </td>\u000a  </tr>\u000a  <tr>\u000a    <td style="padding-bottom:12px;font-size:22px;font-weight:600;color:#0f172a;">\u000a      Devis pour {{client_name}}\u000a    </td>\u000a  </tr>\u000a  <tr>\u000a    <td style="padding-bottom:16px;">\u000a      <span style="display:inline-block;padding:8px 16px;border-radius:999px;background-color:#1d4ed8;color:#ffffff;font-size:13px;font-weight:600;">Devis n° {{quote_number}}</span>\u000a    </td>\u000a  </tr>\u000a  <tr>\u000a    <td style="padding-bottom:16px;font-size:15px;line-height:1.6;color:#334155;">\u000a      Bonjour {{client_name}},\u000a    </td>\u000a  </tr>\u000a  <tr>\u000a    <td style="padding-bottom:16px;font-size:15px;line-height:1.6;color:#334155;">\u000a      Vous trouverez ci-joint le devis établi le {{quote_date}} pour {{project_name}}. Nous restons disponibles pour ajuster cette proposition et répondre à vos questions.\u000a    </td>\u000a  </tr>\u000a  <tr>\u000a    <td style="padding-bottom:20px;">\u000a      <table role="presentation" width="100%" cellpadding="0" cellspacing="0" style="width:100%;border-collapse:separate;border-spacing:0;border:1px solid #d8e3f2;border-radius:12px;background-color:#f9fbff;">\u000a        <tr>\u000a          <td style="padding:20px;">\u000a            <table role="presentation" width="100%" cellpadding="0" cellspacing="0" style="width:100%;border-collapse:collapse;">\u000a              <tr>\u000a                <td colspan="2" style="font-size:15px;font-weight:600;color:#1d4ed8;padding-bottom:12px;">\u000a                  Résumé du devis\u000a                </td>\u000a              </tr>\u000a              <tr>\u000a                <td style="padding:12px 0;font-size:14px;color:#334155;border-bottom:1px solid #e2e8f0;">\u000a                  Montant HT\u000a                </td>\u000a                <td style="padding:12px 0;font-size:14px;color:#0f172a;font-weight:600;text-align:right;border-bottom:1px solid #e2e8f0;">\u000a                  {{total_ht}}\u000a                </td>\u000a              </tr>\u000a              <tr>\u000a                <td style="padding:12px 0;font-size:14px;color:#334155;border-bottom:1px solid #e2e8f0;">\u000a                  TVA\u000a                </td>\u000a                <td style="padding:12px 0;font-size:14px;color:#0f172a;font-weight:600;text-align:right;border-bottom:1px solid #e2e8f0;">\u000a                  {{total_tva}}\u000a                </td>\u000a              </tr>\u000a              <tr>\u000a                <td style="padding:12px 0;font-size:14px;color:#334155;border-bottom:1px solid #e2e8f0;">\u000a                  Montant TTC\u000a                </td>\u000a                <td style="padding:12px 0;font-size:18px;color:#1d4ed8;font-weight:700;text-align:right;border-bottom:1px solid #e2e8f0;">\u000a                  {{total_ttc}}\u000a                </td>\u000a              </tr>\u000a              <tr>\u000a                <td style="padding:12px 0;font-size:14px;color:#334155;border-top:1px solid #e2e8f0;">\u000a                  Validité\u000a                </td>\u000a                <td style="padding:12px 0;font-size:14px;color:#0f172a;font-weight:600;text-align:right;border-top:1px solid #e2e8f0;border-bottom:0;">\u000a                  {{quote_valid_until}}\u000a                </td>\u000a              </tr>\u000a            </table>\u000a          </td>\u000a        </tr>\u000a      </table>\u000a    </td>\u000a  </tr>\u000a  <tr>\u000a    <td style="padding-bottom:16px;font-size:15px;line-height:1.6;color:#334155;">\u000a      Si vous souhaitez planifier une réunion pour détailler les prochaines étapes, faites-le nous savoir.\u000a    </td>\u000a  </tr>\u000a  <tr>\u000a    <td style="padding-bottom:8px;font-size:15px;line-height:1.6;color:#334155;">\u000a      Merci pour votre confiance.\u000a    </td>\u000a  </tr>\u000a  <tr>\u000a    <td style="font-size:15px;line-height:1.6;color:#0f172a;font-weight:600;">\u000a      {{company_name}}\u000a    </td>\u000a  </tr>\u000a  <tr>\u000a    <td style="font-size:13px;line-height:1.5;color:#64748b;">\u000a      {{company_email}} &middot; {{company_phone}}\u000a    </td>\u000a  </tr>\u000a  <tr>\u000a    <td style="font-size:13px;line-height:1.5;color:#64748b;">\u000a      {{company_address}}\u000a    </td>\u000a  </tr>\u000a</table>'),'HTML',1,'2025-11-04T11:40:22.470Z',1762789975934);
INSERT INTO MessagingSavedResponse VALUES('default_invoice','cmhj8mbrc0007potkyzck5wsk','Envoi d''une facture','default-invoice-template','Modèle HTML premium pour transmettre une facture avec rappel du règlement.',unistr('<table role="presentation" width="100%" cellpadding="0" cellspacing="0" style="width:100%;border-collapse:separate;border-spacing:0;font-family:''Segoe UI'',''Helvetica Neue'',Arial,''Liberation Sans'',sans-serif;color:#0f172a;">\u000a  <tr>\u000a    <td style="padding-bottom:12px;">\u000a      <span style="display:inline-block;padding:6px 12px;border-radius:999px;background-color:#dbeafe;color:#1d4ed8;font-size:12px;font-weight:600;letter-spacing:0.08em;text-transform:uppercase;">Facturation</span>\u000a    </td>\u000a  </tr>\u000a  <tr>\u000a    <td style="padding-bottom:12px;font-size:22px;font-weight:600;color:#0f172a;">\u000a      Facture {{invoice_number}}\u000a    </td>\u000a  </tr>\u000a  <tr>\u000a    <td style="padding-bottom:16px;">\u000a      <span style="display:inline-block;padding:8px 16px;border-radius:999px;background-color:#e0f2fe;color:#0369a1;font-size:13px;font-weight:600;">Émise le {{invoice_date}}</span>\u000a    </td>\u000a  </tr>\u000a  <tr>\u000a    <td style="padding-bottom:16px;font-size:15px;line-height:1.6;color:#334155;">\u000a      Bonjour {{client_name}},\u000a    </td>\u000a  </tr>\u000a  <tr>\u000a    <td style="padding-bottom:16px;font-size:15px;line-height:1.6;color:#334155;">\u000a      Merci de trouver ci-joint la facture correspondant à {{project_name}}. Nous apprécions votre confiance et restons à votre disposition pour toute précision.\u000a    </td>\u000a  </tr>\u000a  <tr>\u000a    <td style="padding-bottom:20px;">\u000a      <table role="presentation" width="100%" cellpadding="0" cellspacing="0" style="width:100%;border-collapse:separate;border-spacing:0;border:1px solid #d8e3f2;border-radius:12px;background-color:#f9fbff;">\u000a        <tr>\u000a          <td style="padding:20px;">\u000a            <table role="presentation" width="100%" cellpadding="0" cellspacing="0" style="width:100%;border-collapse:collapse;">\u000a              <tr>\u000a                <td colspan="2" style="font-size:15px;font-weight:600;color:#1d4ed8;padding-bottom:12px;">\u000a                  Récapitulatif de la facture\u000a                </td>\u000a              </tr>\u000a              <tr>\u000a                <td style="padding:12px 0;font-size:14px;color:#334155;border-bottom:1px solid #e2e8f0;">\u000a                  Montant TTC\u000a                </td>\u000a                <td style="padding:12px 0;font-size:18px;color:#1d4ed8;font-weight:700;text-align:right;border-bottom:1px solid #e2e8f0;">\u000a                  {{total_ttc}}\u000a                </td>\u000a              </tr>\u000a              <tr>\u000a                <td style="padding:12px 0;font-size:14px;color:#334155;border-bottom:1px solid #e2e8f0;">\u000a                  Montant payé\u000a                </td>\u000a                <td style="padding:12px 0;font-size:14px;color:#0f172a;font-weight:600;text-align:right;border-bottom:1px solid #e2e8f0;">\u000a                  {{amount_paid}}\u000a                </td>\u000a              </tr>\u000a              <tr>\u000a                <td style="padding:12px 0;font-size:14px;color:#334155;border-bottom:1px solid #e2e8f0;">\u000a                  Solde restant\u000a                </td>\u000a                <td style="padding:12px 0;font-size:14px;color:#dc2626;font-weight:600;text-align:right;border-bottom:1px solid #e2e8f0;">\u000a                  {{balance_due}}\u000a                </td>\u000a              </tr>\u000a              <tr>\u000a                <td style="padding:12px 0;font-size:14px;color:#334155;border-top:1px solid #e2e8f0;">\u000a                  Échéance\u000a                </td>\u000a                <td style="padding:12px 0;font-size:14px;color:#0f172a;font-weight:600;text-align:right;border-top:1px solid #e2e8f0;border-bottom:0;">\u000a                  {{due_date}}\u000a                </td>\u000a              </tr>\u000a            </table>\u000a          </td>\u000a        </tr>\u000a      </table>\u000a    </td>\u000a  </tr>\u000a  <tr>\u000a    <td style="padding-bottom:16px;font-size:15px;line-height:1.6;color:#334155;">\u000a      Merci d''effectuer le règlement selon les modalités habituelles. Pour un virement, pensez à rappeler la référence <strong>{{invoice_number}}</strong>.\u000a    </td>\u000a  </tr>\u000a  <tr>\u000a    <td style="padding-bottom:20px;font-size:15px;line-height:1.6;color:#334155;">\u000a      Nous restons disponibles pour toute question complémentaire.\u000a    </td>\u000a  </tr>\u000a  <tr>\u000a    <td style="font-size:15px;line-height:1.6;color:#0f172a;font-weight:600;">\u000a      {{company_name}}\u000a    </td>\u000a  </tr>\u000a  <tr>\u000a    <td style="font-size:13px;line-height:1.5;color:#64748b;">\u000a      {{company_email}} &middot; {{company_phone}}\u000a    </td>\u000a  </tr>\u000a  <tr>\u000a    <td style="font-size:13px;line-height:1.5;color:#64748b;">\u000a      {{company_address}}\u000a    </td>\u000a  </tr>\u000a</table>'),'HTML',1,'2025-11-04T11:40:22.471Z',1762789975934);
INSERT INTO MessagingSavedResponse VALUES('cmhn9v5dp000lnyzc4a9jjks2','cmhj8mbrc0007potkyzck5wsk','Reponse email',NULL,NULL,unistr('<table role="presentation" width="100%" cellpadding="0" cellspacing="0" style="width:100%;border-collapse:separate;border-spacing:0;font-family:''Segoe UI'',''Helvetica Neue'',Arial,''Liberation Sans'',sans-serif;color:#0f172a;">\u000d\u000a\u000d\u000a\u000d\u000a  <tr>\u000d\u000a    <td style="padding-bottom:16px;font-size:15px;line-height:1.6;color:#334155;">\u000d\u000a      Bonjour,\u000d\u000a    </td>\u000d\u000a  </tr>\u000d\u000a  <tr>\u000d\u000a    <td style="padding-bottom:16px;font-size:15px;line-height:1.6;color:#334155;">\u000d\u000a      {{email_content}}\u000d\u000a    </td>\u000d\u000a  </tr>\u000d\u000a  <tr>\u000d\u000a    <td style="padding-bottom:20px;font-size:15px;line-height:1.6;color:#334155;">\u000d\u000a      Nous restons disponibles pour toute question complémentaire.\u000d\u000a    </td>\u000d\u000a  </tr>\u000d\u000a  <tr>\u000d\u000a    <td style="font-size:15px;line-height:1.6;color:#0f172a;font-weight:600;">\u000d\u000a      Techno Smart\u000d\u000a    </td>\u000d\u000a  </tr>\u000d\u000a  <tr>\u000d\u000a    <td style="font-size:13px;line-height:1.5;color:#64748b;">\u000d\u000a      support@techno-smart.tn &middot; +216 99 699 280\u000d\u000a    </td>\u000d\u000a  </tr>\u000d\u000a  <tr>\u000d\u000a    <td style="font-size:13px;line-height:1.5;color:#64748b;">\u000d\u000a      Rue Mohamed Kacem - Tazarka 8024 - Nabeul, Tunisie\u000d\u000a    </td>\u000d\u000a  </tr>'),'HTML',0,1762424201725,1762424201725);
INSERT INTO MessagingSavedResponse VALUES('cmhne4xiy000opo4q0o8j2nhd','cmhj8mbrc0007potkyzck5wsk','Commande',NULL,NULL,unistr('<table role="presentation" width="100%" cellpadding="0" cellspacing="0" style="width:100%;border-collapse:separate;border-spacing:0;font-family:''Segoe UI'',''Helvetica Neue'',Arial,''Liberation Sans'',sans-serif;color:#0f172a;">\u000d\u000a\u000d\u000a\u000d\u000a  <tr>\u000d\u000a    <td style="padding-bottom:16px;font-size:15px;line-height:1.6;color:#334155;">\u000d\u000a      Bonjour,\u000d\u000a    </td>\u000d\u000a  </tr>\u000d\u000a  <tr>\u000d\u000a    <td style="padding-bottom:16px;font-size:15px;line-height:1.6;color:#334155;">\u000d\u000a      Nous vous remercions d’avoir choisi Techno Smart. Vous trouverez ci-joint tous les détails relatifs à votre commande.\u000d\u000a    </td>\u000d\u000a  </tr>\u000d\u000a  <tr>\u000d\u000a    <td style="padding-bottom:20px;font-size:15px;line-height:1.6;color:#334155;">\u000d\u000a      Nous restons disponibles pour toute question complémentaire.\u000d\u000a    </td>\u000d\u000a  </tr>\u000d\u000a  <tr>\u000d\u000a    <td style="font-size:15px;line-height:1.6;color:#0f172a;font-weight:600;">\u000d\u000a      Techno Smart\u000d\u000a    </td>\u000d\u000a  </tr>\u000d\u000a  <tr>\u000d\u000a    <td style="font-size:13px;line-height:1.5;color:#64748b;">\u000d\u000a      support@techno-smart.tn &middot; +216 99 699 280\u000d\u000a    </td>\u000d\u000a  </tr>\u000d\u000a  <tr>\u000d\u000a    <td style="font-size:13px;line-height:1.5;color:#64748b;">\u000d\u000a      Rue Mohamed Kacem - Tazarka 8024 - Nabeul, Tunisie\u000d\u000a    </td>\u000d\u000a  </tr>'),'HTML',0,1762431376570,1762591281315);
INSERT INTO MessagingSavedResponse VALUES('cmhov19nn0004poxwgscx6f31','cmhj8olxe000gpotkv1uvb3ja','Envoi d''une facture','default-invoice-template','Modèle HTML premium pour transmettre une facture avec rappel du règlement.',unistr('<table role="presentation" width="100%" cellpadding="0" cellspacing="0" style="width:100%;border-collapse:separate;border-spacing:0;font-family:''Segoe UI'',''Helvetica Neue'',Arial,''Liberation Sans'',sans-serif;color:#0f172a;">\u000a  <tr>\u000a    <td style="padding-bottom:12px;">\u000a      <span style="display:inline-block;padding:6px 12px;border-radius:999px;background-color:#dbeafe;color:#1d4ed8;font-size:12px;font-weight:600;letter-spacing:0.08em;text-transform:uppercase;">Facturation</span>\u000a    </td>\u000a  </tr>\u000a  <tr>\u000a    <td style="padding-bottom:12px;font-size:22px;font-weight:600;color:#0f172a;">\u000a      Facture {{invoice_number}}\u000a    </td>\u000a  </tr>\u000a  <tr>\u000a    <td style="padding-bottom:16px;">\u000a      <span style="display:inline-block;padding:8px 16px;border-radius:999px;background-color:#e0f2fe;color:#0369a1;font-size:13px;font-weight:600;">Émise le {{invoice_date}}</span>\u000a    </td>\u000a  </tr>\u000a  <tr>\u000a    <td style="padding-bottom:16px;font-size:15px;line-height:1.6;color:#334155;">\u000a      Bonjour {{client_name}},\u000a    </td>\u000a  </tr>\u000a  <tr>\u000a    <td style="padding-bottom:16px;font-size:15px;line-height:1.6;color:#334155;">\u000a      Merci de trouver ci-joint la facture correspondant à {{project_name}}. Nous apprécions votre confiance et restons à votre disposition pour toute précision.\u000a    </td>\u000a  </tr>\u000a  <tr>\u000a    <td style="padding-bottom:20px;">\u000a      <table role="presentation" width="100%" cellpadding="0" cellspacing="0" style="width:100%;border-collapse:separate;border-spacing:0;border:1px solid #d8e3f2;border-radius:12px;background-color:#f9fbff;">\u000a        <tr>\u000a          <td style="padding:20px;">\u000a            <table role="presentation" width="100%" cellpadding="0" cellspacing="0" style="width:100%;border-collapse:collapse;">\u000a              <tr>\u000a                <td colspan="2" style="font-size:15px;font-weight:600;color:#1d4ed8;padding-bottom:12px;">\u000a                  Récapitulatif de la facture\u000a                </td>\u000a              </tr>\u000a              <tr>\u000a                <td style="padding:12px 0;font-size:14px;color:#334155;border-bottom:1px solid #e2e8f0;">\u000a                  Montant TTC\u000a                </td>\u000a                <td style="padding:12px 0;font-size:18px;color:#1d4ed8;font-weight:700;text-align:right;border-bottom:1px solid #e2e8f0;">\u000a                  {{total_ttc}}\u000a                </td>\u000a              </tr>\u000a              <tr>\u000a                <td style="padding:12px 0;font-size:14px;color:#334155;border-bottom:1px solid #e2e8f0;">\u000a                  Montant payé\u000a                </td>\u000a                <td style="padding:12px 0;font-size:14px;color:#0f172a;font-weight:600;text-align:right;border-bottom:1px solid #e2e8f0;">\u000a                  {{amount_paid}}\u000a                </td>\u000a              </tr>\u000a              <tr>\u000a                <td style="padding:12px 0;font-size:14px;color:#334155;border-bottom:1px solid #e2e8f0;">\u000a                  Solde restant\u000a                </td>\u000a                <td style="padding:12px 0;font-size:14px;color:#dc2626;font-weight:600;text-align:right;border-bottom:1px solid #e2e8f0;">\u000a                  {{balance_due}}\u000a                </td>\u000a              </tr>\u000a              <tr>\u000a                <td style="padding:12px 0;font-size:14px;color:#334155;border-top:1px solid #e2e8f0;">\u000a                  Échéance\u000a                </td>\u000a                <td style="padding:12px 0;font-size:14px;color:#0f172a;font-weight:600;text-align:right;border-top:1px solid #e2e8f0;border-bottom:0;">\u000a                  {{due_date}}\u000a                </td>\u000a              </tr>\u000a            </table>\u000a          </td>\u000a        </tr>\u000a      </table>\u000a    </td>\u000a  </tr>\u000a  <tr>\u000a    <td style="padding-bottom:16px;font-size:15px;line-height:1.6;color:#334155;">\u000a      Merci d''effectuer le règlement selon les modalités habituelles. Pour un virement, pensez à rappeler la référence <strong>{{invoice_number}}</strong>.\u000a    </td>\u000a  </tr>\u000a  <tr>\u000a    <td style="padding-bottom:20px;font-size:15px;line-height:1.6;color:#334155;">\u000a      Nous restons disponibles pour toute question complémentaire.\u000a    </td>\u000a  </tr>\u000a  <tr>\u000a    <td style="font-size:15px;line-height:1.6;color:#0f172a;font-weight:600;">\u000a      {{company_name}}\u000a    </td>\u000a  </tr>\u000a  <tr>\u000a    <td style="font-size:13px;line-height:1.5;color:#64748b;">\u000a      {{company_email}} &middot; {{company_phone}}\u000a    </td>\u000a  </tr>\u000a  <tr>\u000a    <td style="font-size:13px;line-height:1.5;color:#64748b;">\u000a      {{company_address}}\u000a    </td>\u000a  </tr>\u000a</table>'),'HTML',1,1762520225315,1762520230240);
INSERT INTO MessagingSavedResponse VALUES('cmhov19nn0005poxwyson5n21','cmhj8olxe000gpotkv1uvb3ja','Envoi d''un devis','default-quote-template','Modèle HTML élégant pour transmettre un devis avec un résumé clair.',unistr('<table role="presentation" width="100%" cellpadding="0" cellspacing="0" style="width:100%;border-collapse:separate;border-spacing:0;font-family:''Segoe UI'',''Helvetica Neue'',Arial,''Liberation Sans'',sans-serif;color:#0f172a;">\u000a  <tr>\u000a    <td style="padding-bottom:12px;">\u000a      <span style="display:inline-block;padding:6px 12px;border-radius:999px;background-color:#dbeafe;color:#1d4ed8;font-size:12px;font-weight:600;letter-spacing:0.08em;text-transform:uppercase;">Proposition commerciale</span>\u000a    </td>\u000a  </tr>\u000a  <tr>\u000a    <td style="padding-bottom:12px;font-size:22px;font-weight:600;color:#0f172a;">\u000a      Devis pour {{client_name}}\u000a    </td>\u000a  </tr>\u000a  <tr>\u000a    <td style="padding-bottom:16px;">\u000a      <span style="display:inline-block;padding:8px 16px;border-radius:999px;background-color:#1d4ed8;color:#ffffff;font-size:13px;font-weight:600;">Devis n° {{quote_number}}</span>\u000a    </td>\u000a  </tr>\u000a  <tr>\u000a    <td style="padding-bottom:16px;font-size:15px;line-height:1.6;color:#334155;">\u000a      Bonjour {{client_name}},\u000a    </td>\u000a  </tr>\u000a  <tr>\u000a    <td style="padding-bottom:16px;font-size:15px;line-height:1.6;color:#334155;">\u000a      Vous trouverez ci-joint le devis établi le {{quote_date}} pour {{project_name}}. Nous restons disponibles pour ajuster cette proposition et répondre à vos questions.\u000a    </td>\u000a  </tr>\u000a  <tr>\u000a    <td style="padding-bottom:20px;">\u000a      <table role="presentation" width="100%" cellpadding="0" cellspacing="0" style="width:100%;border-collapse:separate;border-spacing:0;border:1px solid #d8e3f2;border-radius:12px;background-color:#f9fbff;">\u000a        <tr>\u000a          <td style="padding:20px;">\u000a            <table role="presentation" width="100%" cellpadding="0" cellspacing="0" style="width:100%;border-collapse:collapse;">\u000a              <tr>\u000a                <td colspan="2" style="font-size:15px;font-weight:600;color:#1d4ed8;padding-bottom:12px;">\u000a                  Résumé du devis\u000a                </td>\u000a              </tr>\u000a              <tr>\u000a                <td style="padding:12px 0;font-size:14px;color:#334155;border-bottom:1px solid #e2e8f0;">\u000a                  Montant HT\u000a                </td>\u000a                <td style="padding:12px 0;font-size:14px;color:#0f172a;font-weight:600;text-align:right;border-bottom:1px solid #e2e8f0;">\u000a                  {{total_ht}}\u000a                </td>\u000a              </tr>\u000a              <tr>\u000a                <td style="padding:12px 0;font-size:14px;color:#334155;border-bottom:1px solid #e2e8f0;">\u000a                  TVA\u000a                </td>\u000a                <td style="padding:12px 0;font-size:14px;color:#0f172a;font-weight:600;text-align:right;border-bottom:1px solid #e2e8f0;">\u000a                  {{total_tva}}\u000a                </td>\u000a              </tr>\u000a              <tr>\u000a                <td style="padding:12px 0;font-size:14px;color:#334155;border-bottom:1px solid #e2e8f0;">\u000a                  Montant TTC\u000a                </td>\u000a                <td style="padding:12px 0;font-size:18px;color:#1d4ed8;font-weight:700;text-align:right;border-bottom:1px solid #e2e8f0;">\u000a                  {{total_ttc}}\u000a                </td>\u000a              </tr>\u000a              <tr>\u000a                <td style="padding:12px 0;font-size:14px;color:#334155;border-top:1px solid #e2e8f0;">\u000a                  Validité\u000a                </td>\u000a                <td style="padding:12px 0;font-size:14px;color:#0f172a;font-weight:600;text-align:right;border-top:1px solid #e2e8f0;border-bottom:0;">\u000a                  {{quote_valid_until}}\u000a                </td>\u000a              </tr>\u000a            </table>\u000a          </td>\u000a        </tr>\u000a      </table>\u000a    </td>\u000a  </tr>\u000a  <tr>\u000a    <td style="padding-bottom:16px;font-size:15px;line-height:1.6;color:#334155;">\u000a      Si vous souhaitez planifier une réunion pour détailler les prochaines étapes, faites-le nous savoir.\u000a    </td>\u000a  </tr>\u000a  <tr>\u000a    <td style="padding-bottom:8px;font-size:15px;line-height:1.6;color:#334155;">\u000a      Merci pour votre confiance.\u000a    </td>\u000a  </tr>\u000a  <tr>\u000a    <td style="font-size:15px;line-height:1.6;color:#0f172a;font-weight:600;">\u000a      {{company_name}}\u000a    </td>\u000a  </tr>\u000a  <tr>\u000a    <td style="font-size:13px;line-height:1.5;color:#64748b;">\u000a      {{company_email}} &middot; {{company_phone}}\u000a    </td>\u000a  </tr>\u000a  <tr>\u000a    <td style="font-size:13px;line-height:1.5;color:#64748b;">\u000a      {{company_address}}\u000a    </td>\u000a  </tr>\u000a</table>'),'HTML',1,1762520225315,1762520230239);
CREATE TABLE IF NOT EXISTS "Quote" (
    "id" TEXT NOT NULL PRIMARY KEY,
    "userId" TEXT NOT NULL,
    "number" TEXT NOT NULL,
    "status" TEXT NOT NULL DEFAULT 'BROUILLON',
    "reference" TEXT,
    "issueDate" DATETIME NOT NULL,
    "validUntil" DATETIME,
    "clientId" TEXT NOT NULL,
    "currency" TEXT NOT NULL DEFAULT 'TND',
    "globalDiscountRate" REAL,
    "globalDiscountAmountCents" INTEGER,
    "vatBreakdown" JSONB,
    "taxSummary" JSONB,
    "taxConfiguration" JSONB,
    "notes" TEXT,
    "terms" TEXT,
    "subtotalHTCents" INTEGER NOT NULL,
    "totalDiscountCents" INTEGER NOT NULL,
    "totalTVACents" INTEGER NOT NULL,
    "totalTTCCents" INTEGER NOT NULL,
    "fodecAmountCents" INTEGER NOT NULL DEFAULT 0,
    "timbreAmountCents" INTEGER NOT NULL DEFAULT 0,
    "createdAt" DATETIME NOT NULL DEFAULT CURRENT_TIMESTAMP,
    "updatedAt" DATETIME NOT NULL,
    CONSTRAINT "Quote_userId_fkey" FOREIGN KEY ("userId") REFERENCES "User" ("id") ON DELETE CASCADE ON UPDATE CASCADE,
    CONSTRAINT "Quote_clientId_fkey" FOREIGN KEY ("clientId") REFERENCES "Client" ("id") ON DELETE RESTRICT ON UPDATE CASCADE
);
INSERT INTO Quote VALUES('cmhj8pmic000upotk0vyo6qvf','cmhj8olxe000gpotkv1uvb3ja','DEV-2025-0001','ACCEPTE',NULL,1762128000000,NULL,'cmhj8p05c000opotks7rs1tg0','TND',NULL,0,'[{"rate":20,"baseHT":100000,"totalTVA":20000}]','[{"type":"TVA","rate":20,"label":"TVA 20%","baseCents":100000,"amountCents":20000}]','{"tva":{"rates":[{"code":"T19","label":"TVA 19%","rate":19},{"code":"T7","label":"TVA 7%","rate":7},{"code":"EXON","label":"Exonération","rate":0}],"applyMode":"line","allowExemption":true},"fodec":{"enabled":false,"autoApply":false,"rate":1,"application":"line","calculationOrder":"BEFORE_TVA"},"timbre":{"enabled":false,"amountCents":0,"autoApply":false},"order":["FODEC","TVA","TIMBRE"],"rounding":{"line":"nearest-cent","total":"nearest-cent"}}',NULL,NULL,100000,0,20000,120000,0,0,1762180399669,1762180425103);
INSERT INTO Quote VALUES('cmhkdpiwy000fpo53s0dfvmo1','cmhj8mbrc0007potkyzck5wsk','DEV-0001','ACCEPTE',NULL,1762214400000,NULL,'cmhkdn8600009po530j9qgqod','TND',NULL,0,'[{"rate":0,"baseHT":379000,"totalTVA":0}]','[{"type":"TVA","rate":0,"label":"TVA 0%","baseCents":379000,"amountCents":0},{"type":"TIMBRE","label":"Timbre fiscal","baseCents":0,"amountCents":1000}]','{"tva":{"rates":[{"code":"T19","label":"TVA 19%","rate":19},{"code":"T7","label":"TVA 7%","rate":7},{"code":"EXON","label":"Exonération","rate":0}],"applyMode":"line","allowExemption":true},"fodec":{"enabled":false,"autoApply":false,"rate":1,"application":"line","calculationOrder":"BEFORE_TVA"},"timbre":{"enabled":true,"amountCents":1000,"autoApply":false},"order":["FODEC","TVA","TIMBRE"],"rounding":{"line":"nearest-cent","total":"nearest-cent"}}',NULL,NULL,379000,0,0,380000,0,1000,1762249259267,1762505685284);
INSERT INTO Quote VALUES('cmhkem4zo0017po53utadt1k3','cmhj8mbrc0007potkyzck5wsk','DEV-0002','ACCEPTE',NULL,1762214400000,NULL,'cmhkekxmb0011po53pina0phm','TND',NULL,0,'[{"rate":19,"baseHT":100000,"totalTVA":19000}]','[{"type":"TVA","rate":19,"label":"TVA 19%","baseCents":100000,"amountCents":19000},{"type":"TIMBRE","label":"Timbre fiscal","baseCents":0,"amountCents":1000}]','{"tva":{"rates":[{"code":"T19","label":"TVA 19%","rate":19},{"code":"T7","label":"TVA 7%","rate":7},{"code":"EXON","label":"Exonération","rate":0}],"applyMode":"line","allowExemption":true},"fodec":{"enabled":false,"autoApply":false,"rate":1,"application":"line","calculationOrder":"BEFORE_TVA"},"timbre":{"enabled":true,"amountCents":1000,"autoApply":true},"order":["FODEC","TVA","TIMBRE"],"rounding":{"line":"nearest-cent","total":"nearest-cent"}}',NULL,NULL,100000,0,19000,120000,0,1000,1762250780868,1762250820866);
INSERT INTO Quote VALUES('cmhluaegw0001poojysuqcvle','cmhj8mbrc0007potkyzck5wsk','DEV-0004','ACCEPTE',NULL,1762300800000,NULL,'cmhltl1lu0003poprlb2uum6k','TND',NULL,0,'[{"rate":19,"baseHT":1895000,"totalTVA":360050}]','[{"type":"TVA","rate":19,"label":"TVA 19%","baseCents":1895000,"amountCents":360050},{"type":"TIMBRE","label":"Timbre fiscal","baseCents":0,"amountCents":1000}]','{"tva":{"rates":[{"code":"T19","label":"TVA 19%","rate":19},{"code":"T7","label":"TVA 7%","rate":7},{"code":"EXON","label":"Exonération","rate":0}],"applyMode":"line","allowExemption":true},"fodec":{"enabled":false,"autoApply":false,"rate":1,"application":"line","calculationOrder":"BEFORE_TVA"},"timbre":{"enabled":true,"amountCents":1000,"autoApply":true},"order":["FODEC","TVA","TIMBRE"],"rounding":{"line":"nearest-cent","total":"nearest-cent"}}',NULL,NULL,1895000,0,360050,2256050,0,1000,1762337573312,1762358271521);
INSERT INTO Quote VALUES('cmhlyzdsb000hpo21dfe2gdz6','cmhj8mbrc0007potkyzck5wsk','DEV-0005','ACCEPTE',NULL,1762300800000,NULL,'cmhlyydhm000dpo21rdcy366t','TND',NULL,0,'[{"rate":7,"baseHT":189000,"totalTVA":13230}]','[{"type":"TVA","rate":7,"label":"TVA 7%","baseCents":189000,"amountCents":13230},{"type":"TIMBRE","label":"Timbre fiscal","baseCents":0,"amountCents":1000}]','{"tva":{"rates":[{"code":"T19","label":"TVA 19%","rate":19},{"code":"T7","label":"TVA 7%","rate":7},{"code":"EXON","label":"Exonération","rate":0}],"applyMode":"line","allowExemption":true},"fodec":{"enabled":false,"autoApply":false,"rate":1,"application":"line","calculationOrder":"BEFORE_TVA"},"timbre":{"enabled":true,"amountCents":1000,"autoApply":true},"order":["FODEC","TVA","TIMBRE"],"rounding":{"line":"nearest-cent","total":"nearest-cent"}}',NULL,NULL,189000,0,13230,203230,0,1000,1762345457292,1762345510277);
INSERT INTO Quote VALUES('cmhm6lz590007po1q8fsckad3','cmhj8mbrc0007potkyzck5wsk','DEV-0006','ACCEPTE',NULL,1762300800000,NULL,'cmhm6lb460003po1qdj81shk5','TND',NULL,0,'[{"rate":7,"baseHT":189000,"totalTVA":13230},{"rate":20,"baseHT":100000,"totalTVA":20000}]','[{"type":"TVA","rate":7,"label":"TVA 7%","baseCents":189000,"amountCents":13230},{"type":"TVA","rate":20,"label":"TVA 20%","baseCents":100000,"amountCents":20000},{"type":"TIMBRE","label":"Timbre fiscal","baseCents":0,"amountCents":1000}]','{"tva":{"rates":[{"code":"T19","label":"TVA 19%","rate":19},{"code":"T7","label":"TVA 7%","rate":7},{"code":"EXON","label":"Exonération","rate":0}],"applyMode":"line","allowExemption":true},"fodec":{"enabled":false,"autoApply":false,"rate":1,"application":"line","calculationOrder":"BEFORE_TVA"},"timbre":{"enabled":true,"amountCents":1000,"autoApply":true},"order":["FODEC","TVA","TIMBRE"],"rounding":{"line":"nearest-cent","total":"nearest-cent"}}',NULL,NULL,289000,0,33230,323230,0,1000,1762358268717,1762358299920);
CREATE TABLE IF NOT EXISTS "Invoice" (
    "id" TEXT NOT NULL PRIMARY KEY,
    "userId" TEXT NOT NULL,
    "number" TEXT NOT NULL,
    "status" TEXT NOT NULL DEFAULT 'BROUILLON',
    "reference" TEXT,
    "issueDate" DATETIME NOT NULL,
    "dueDate" DATETIME,
    "clientId" TEXT NOT NULL,
    "currency" TEXT NOT NULL DEFAULT 'TND',
    "globalDiscountRate" REAL,
    "globalDiscountAmountCents" INTEGER,
    "vatBreakdown" JSONB,
    "taxSummary" JSONB,
    "taxConfiguration" JSONB,
    "notes" TEXT,
    "terms" TEXT,
    "lateFeeRate" REAL,
    "subtotalHTCents" INTEGER NOT NULL,
    "totalDiscountCents" INTEGER NOT NULL,
    "totalTVACents" INTEGER NOT NULL,
    "totalTTCCents" INTEGER NOT NULL,
    "amountPaidCents" INTEGER NOT NULL DEFAULT 0,
    "fodecAmountCents" INTEGER NOT NULL DEFAULT 0,
    "timbreAmountCents" INTEGER NOT NULL DEFAULT 0,
    "createdAt" DATETIME NOT NULL DEFAULT CURRENT_TIMESTAMP,
    "updatedAt" DATETIME NOT NULL,
    "quoteId" TEXT UNIQUE,
    CONSTRAINT "Invoice_userId_fkey" FOREIGN KEY ("userId") REFERENCES "User" ("id") ON DELETE CASCADE ON UPDATE CASCADE,
    CONSTRAINT "Invoice_clientId_fkey" FOREIGN KEY ("clientId") REFERENCES "Client" ("id") ON DELETE RESTRICT ON UPDATE CASCADE,
    CONSTRAINT "Invoice_quoteId_fkey" FOREIGN KEY ("quoteId") REFERENCES "Quote" ("id") ON DELETE SET NULL ON UPDATE CASCADE
);
INSERT INTO Invoice VALUES('cmhj8q64t0010potknj50wa63','cmhj8olxe000gpotkv1uvb3ja','FAC-2025-0001','ENVOYEE',NULL,1762180425100,NULL,'cmhj8p05c000opotks7rs1tg0','TND',NULL,0,'[{"rate":20,"baseHT":100000,"totalTVA":20000}]','[{"type":"TVA","rate":20,"label":"TVA 20%","baseCents":100000,"amountCents":20000}]','{"tva":{"rates":[{"code":"T19","label":"TVA 19%","rate":19},{"code":"T7","label":"TVA 7%","rate":7},{"code":"EXON","label":"Exonération","rate":0}],"applyMode":"line","allowExemption":true},"fodec":{"enabled":false,"autoApply":false,"rate":1,"application":"line","calculationOrder":"BEFORE_TVA"},"timbre":{"enabled":false,"amountCents":0,"autoApply":false},"order":["FODEC","TVA","TIMBRE"],"rounding":{"line":"nearest-cent","total":"nearest-cent"}}',NULL,NULL,NULL,100000,0,20000,120000,0,0,0,1762180425101,1762180425103,'cmhj8pmic000upotk0vyo6qvf');
INSERT INTO Invoice VALUES('cmhkemzuo001jpo530gu64pc7','cmhj8mbrc0007potkyzck5wsk','FAC-0001','PAYEE',NULL,1762250820863,NULL,'cmhkekxmb0011po53pina0phm','TND',NULL,0,'[{"rate":19,"baseHT":100000,"totalTVA":19000}]','[{"type":"TVA","rate":19,"label":"TVA 19%","baseCents":100000,"amountCents":19000},{"type":"TIMBRE","label":"Timbre fiscal","baseCents":0,"amountCents":1000}]','{"tva":{"rates":[{"code":"T19","label":"TVA 19%","rate":19},{"code":"T7","label":"TVA 7%","rate":7},{"code":"EXON","label":"Exonération","rate":0}],"applyMode":"line","allowExemption":true},"fodec":{"enabled":false,"autoApply":false,"rate":1,"application":"line","calculationOrder":"BEFORE_TVA"},"timbre":{"enabled":true,"amountCents":1000,"autoApply":true},"order":["FODEC","TVA","TIMBRE"],"rounding":{"line":"nearest-cent","total":"nearest-cent"}}',NULL,NULL,NULL,100000,0,19000,120000,120000,0,1000,1762250820864,1762251298777,'cmhkem4zo0017po53utadt1k3');
INSERT INTO Invoice VALUES('cmhltlhwz0005poprzrw4kkfq','cmhj8mbrc0007potkyzck5wsk','FAC-0002','BROUILLON',NULL,1762300800000,NULL,'cmhltl1lu0003poprlb2uum6k','TND',NULL,0,'[{"rate":0,"baseHT":379000,"totalTVA":0}]','[{"type":"TVA","rate":0,"label":"TVA 0%","baseCents":379000,"amountCents":0},{"type":"TIMBRE","label":"Timbre fiscal","baseCents":0,"amountCents":1000}]','{"tva":{"rates":[{"code":"T19","label":"TVA 19%","rate":19},{"code":"T7","label":"TVA 7%","rate":7},{"code":"EXON","label":"Exonération","rate":0}],"applyMode":"line","allowExemption":true},"fodec":{"enabled":false,"autoApply":false,"rate":1,"application":"line","calculationOrder":"BEFORE_TVA"},"timbre":{"enabled":true,"amountCents":1000,"autoApply":true},"order":["FODEC","TVA","TIMBRE"],"rounding":{"line":"nearest-cent","total":"nearest-cent"}}',NULL,NULL,NULL,379000,0,0,380000,0,0,1000,1762336411380,1762336411380,NULL);
INSERT INTO Invoice VALUES('cmhlz0io2000npo21cv65kgij','cmhj8mbrc0007potkyzck5wsk','FAC-0003','PAYEE',NULL,1762345510274,NULL,'cmhlyydhm000dpo21rdcy366t','TND',NULL,0,'[{"rate":7,"baseHT":189000,"totalTVA":13230}]','[{"type":"TVA","rate":7,"label":"TVA 7%","baseCents":189000,"amountCents":13230},{"type":"TIMBRE","label":"Timbre fiscal","baseCents":0,"amountCents":1000}]','{"tva":{"rates":[{"code":"T19","label":"TVA 19%","rate":19},{"code":"T7","label":"TVA 7%","rate":7},{"code":"EXON","label":"Exonération","rate":0}],"applyMode":"line","allowExemption":true},"fodec":{"enabled":false,"autoApply":false,"rate":1,"application":"line","calculationOrder":"BEFORE_TVA"},"timbre":{"enabled":true,"amountCents":1000,"autoApply":true},"order":["FODEC","TVA","TIMBRE"],"rounding":{"line":"nearest-cent","total":"nearest-cent"}}',NULL,NULL,NULL,189000,0,13230,203230,203230,0,1000,1762345510275,1762345548288,'cmhlyzdsb000hpo21dfe2gdz6');
INSERT INTO Invoice VALUES('cmhm6mn7z000hpo1qutmo276l','cmhj8mbrc0007potkyzck5wsk','FAC-0004','BROUILLON',NULL,1762300800000,NULL,'cmhm6lb460003po1qdj81shk5','TND',NULL,0,'[{"rate":7,"baseHT":189000,"totalTVA":13230},{"rate":20,"baseHT":100000,"totalTVA":20000}]','[{"type":"TVA","rate":7,"label":"TVA 7%","baseCents":189000,"amountCents":13230},{"type":"TVA","rate":20,"label":"TVA 20%","baseCents":100000,"amountCents":20000},{"type":"TIMBRE","label":"Timbre fiscal","baseCents":0,"amountCents":1000}]','{"tva":{"rates":[{"code":"T19","label":"TVA 19%","rate":19},{"code":"T7","label":"TVA 7%","rate":7},{"code":"EXON","label":"Exonération","rate":0}],"applyMode":"line","allowExemption":true},"fodec":{"enabled":false,"autoApply":false,"rate":1,"application":"line","calculationOrder":"BEFORE_TVA"},"timbre":{"enabled":true,"amountCents":1000,"autoApply":true},"order":["FODEC","TVA","TIMBRE"],"rounding":{"line":"nearest-cent","total":"nearest-cent"}}',NULL,NULL,NULL,289000,0,33230,323230,0,0,1000,1762358299919,1762603223441,'cmhm6lz590007po1q8fsckad3');
INSERT INTO Invoice VALUES('cmhomdmhu0003poqc66hmwn7i','cmhj8mbrc0007potkyzck5wsk','FAC-0005','PAYEE',NULL,1762505685281,NULL,'cmhkdn8600009po530j9qgqod','TND',NULL,0,'[{"rate":0,"baseHT":379000,"totalTVA":0}]','[{"type":"TVA","rate":0,"label":"TVA 0%","baseCents":379000,"amountCents":0},{"type":"TIMBRE","label":"Timbre fiscal","baseCents":0,"amountCents":1000}]','{"tva":{"rates":[{"code":"T19","label":"TVA 19%","rate":19},{"code":"T7","label":"TVA 7%","rate":7},{"code":"EXON","label":"Exonération","rate":0}],"applyMode":"line","allowExemption":true},"fodec":{"enabled":false,"autoApply":false,"rate":1,"application":"line","calculationOrder":"BEFORE_TVA"},"timbre":{"enabled":true,"amountCents":1000,"autoApply":false},"order":["FODEC","TVA","TIMBRE"],"rounding":{"line":"nearest-cent","total":"nearest-cent"}}',NULL,NULL,NULL,379000,0,0,380000,380000,0,1000,1762505685282,1762590800603,'cmhkdpiwy000fpo53s0dfvmo1');
CREATE TABLE IF NOT EXISTS "Payment" (
    "id" TEXT NOT NULL PRIMARY KEY,
    "invoiceId" TEXT NOT NULL,
    "userId" TEXT NOT NULL,
    "amountCents" INTEGER NOT NULL,
    "method" TEXT,
    "date" DATETIME NOT NULL,
    "note" TEXT,
    "createdAt" DATETIME NOT NULL DEFAULT CURRENT_TIMESTAMP,
    CONSTRAINT "Payment_invoiceId_fkey" FOREIGN KEY ("invoiceId") REFERENCES "Invoice" ("id") ON DELETE CASCADE ON UPDATE CASCADE,
    CONSTRAINT "Payment_userId_fkey" FOREIGN KEY ("userId") REFERENCES "User" ("id") ON DELETE CASCADE ON UPDATE CASCADE
);
CREATE TABLE IF NOT EXISTS "CompanySettings" (
    "id" TEXT NOT NULL PRIMARY KEY,
    "userId" TEXT NOT NULL,
    "companyName" TEXT NOT NULL,
    "logoUrl" TEXT,
    "logoData" TEXT,
    "matriculeFiscal" TEXT,
    "tvaNumber" TEXT,
    "address" TEXT,
    "email" TEXT,
    "phone" TEXT,
    "iban" TEXT,
    "stampImage" TEXT,
    "signatureImage" TEXT,
    "stampPosition" TEXT NOT NULL DEFAULT 'bottom-right',
    "signaturePosition" TEXT NOT NULL DEFAULT 'bottom-right',
    "defaultCurrency" TEXT NOT NULL DEFAULT 'TND',
    "defaultVatRate" REAL NOT NULL DEFAULT 0,
    "paymentTerms" TEXT,
    "invoiceNumberPrefix" TEXT NOT NULL DEFAULT 'FAC',
    "quoteNumberPrefix" TEXT NOT NULL DEFAULT 'DEV',
    "resetNumberingAnnually" BOOLEAN NOT NULL DEFAULT true,
    "defaultInvoiceFooter" TEXT,
    "defaultQuoteFooter" TEXT,
    "legalFooter" TEXT,
    "defaultConditions" TEXT,
    "invoiceTemplateId" TEXT,
    "quoteTemplateId" TEXT,
    "taxConfiguration" JSONB,
    "createdAt" DATETIME NOT NULL DEFAULT CURRENT_TIMESTAMP,
    "updatedAt" DATETIME NOT NULL,
    CONSTRAINT "CompanySettings_userId_fkey" FOREIGN KEY ("userId") REFERENCES "User" ("id") ON DELETE CASCADE ON UPDATE CASCADE,
    CONSTRAINT "CompanySettings_invoiceTemplateId_fkey" FOREIGN KEY ("invoiceTemplateId") REFERENCES "PdfTemplate" ("id") ON DELETE SET NULL ON UPDATE CASCADE,
    CONSTRAINT "CompanySettings_quoteTemplateId_fkey" FOREIGN KEY ("quoteTemplateId") REFERENCES "PdfTemplate" ("id") ON DELETE SET NULL ON UPDATE CASCADE
);
INSERT INTO CompanySettings VALUES('cmhj8jq6j0005potk8pdwkdbs','cmhj8jq030000potkgf346ksz','Nouvelle société',NULL,NULL,NULL,NULL,NULL,NULL,NULL,NULL,NULL,NULL,'bottom-right','bottom-right','TND',20.0,NULL,'FAC','DEV',1,NULL,NULL,NULL,NULL,NULL,NULL,'{"tva":{"rates":[{"code":"T19","label":"TVA 19%","rate":19},{"code":"T7","label":"TVA 7%","rate":7},{"code":"EXON","label":"Exonération","rate":0}],"applyMode":"line","allowExemption":true},"fodec":{"enabled":true,"autoApply":false,"rate":1,"application":"line","calculationOrder":"BEFORE_TVA"},"timbre":{"enabled":true,"amountCents":1000,"autoApply":false},"order":["FODEC","TVA","TIMBRE"],"rounding":{"line":"nearest-cent","total":"nearest-cent"}}',1762180124492,1762180124492);
INSERT INTO CompanySettings VALUES('cmhj8mbxm000bpotk7vxxd88a','cmhj8mbrc0007potkyzck5wsk','Techno Smart',NULL,'data:image/png;base64,iVBORw0KGgoAAAANSUhEUgAAAfQAAABkCAIAAAD/pVUqAAAACXBIWXMAAA7EAAAOxAGVKw4bAAAExmlUWHRYTUw6Y29tLmFkb2JlLnhtcAAAAAAAPD94cGFja2V0IGJlZ2luPSfvu78nIGlkPSdXNU0wTXBDZWhpSHpyZVN6TlRjemtjOWQnPz4KPHg6eG1wbWV0YSB4bWxuczp4PSdhZG9iZTpuczptZXRhLyc+CjxyZGY6UkRGIHhtbG5zOnJkZj0naHR0cDovL3d3dy53My5vcmcvMTk5OS8wMi8yMi1yZGYtc3ludGF4LW5zIyc+CgogPHJkZjpEZXNjcmlwdGlvbiByZGY6YWJvdXQ9JycKICB4bWxuczpBdHRyaWI9J2h0dHA6Ly9ucy5hdHRyaWJ1dGlvbi5jb20vYWRzLzEuMC8nPgogIDxBdHRyaWI6QWRzPgogICA8cmRmOlNlcT4KICAgIDxyZGY6bGkgcmRmOnBhcnNlVHlwZT0nUmVzb3VyY2UnPgogICAgIDxBdHRyaWI6Q3JlYXRlZD4yMDI1LTEwLTI2PC9BdHRyaWI6Q3JlYXRlZD4KICAgICA8QXR0cmliOkV4dElkPjAxZTRiY2VkLTMwODEtNGJlMy04OGZiLTNjYjg3N2Q0YzZiMTwvQXR0cmliOkV4dElkPgogICAgIDxBdHRyaWI6RmJJZD41MjUyNjU5MTQxNzk1ODA8L0F0dHJpYjpGYklkPgogICAgIDxBdHRyaWI6VG91Y2hUeXBlPjI8L0F0dHJpYjpUb3VjaFR5cGU+CiAgICA8L3JkZjpsaT4KICAgPC9yZGY6U2VxPgogIDwvQXR0cmliOkFkcz4KIDwvcmRmOkRlc2NyaXB0aW9uPgoKIDxyZGY6RGVzY3JpcHRpb24gcmRmOmFib3V0PScnCiAgeG1sbnM6ZGM9J2h0dHA6Ly9wdXJsLm9yZy9kYy9lbGVtZW50cy8xLjEvJz4KICA8ZGM6dGl0bGU+CiAgIDxyZGY6QWx0PgogICAgPHJkZjpsaSB4bWw6bGFuZz0neC1kZWZhdWx0Jz5UZWNobm8gU21hcnQgKDUwMCB4IDEwMCBweCkgLSAxPC9yZGY6bGk+CiAgIDwvcmRmOkFsdD4KICA8L2RjOnRpdGxlPgogPC9yZGY6RGVzY3JpcHRpb24+CgogPHJkZjpEZXNjcmlwdGlvbiByZGY6YWJvdXQ9JycKICB4bWxuczpwZGY9J2h0dHA6Ly9ucy5hZG9iZS5jb20vcGRmLzEuMy8nPgogIDxwZGY6QXV0aG9yPkF6aXogQnJpbmlzPC9wZGY6QXV0aG9yPgogPC9yZGY6RGVzY3JpcHRpb24+CgogPHJkZjpEZXNjcmlwdGlvbiByZGY6YWJvdXQ9JycKICB4bWxuczp4bXA9J2h0dHA6Ly9ucy5hZG9iZS5jb20veGFwLzEuMC8nPgogIDx4bXA6Q3JlYXRvclRvb2w+Q2FudmEgKFJlbmRlcmVyKSBkb2M9REFHMnN0UnhCdDAgdXNlcj1VQUZaNnNVY01BWSBicmFuZD1CQUZaNnVnazJudyB0ZW1wbGF0ZT08L3htcDpDcmVhdG9yVG9vbD4KIDwvcmRmOkRlc2NyaXB0aW9uPgo8L3JkZjpSREY+CjwveDp4bXBtZXRhPgo8P3hwYWNrZXQgZW5kPSdyJz8+zcKFzgAAHvlJREFUeJzt3XdUE9n7MPAJhGJAygoWlLZIMYAgoCBFiqJiR7GBwiL2BZV1Fcva1rIqKn7VdffHuiiou+geCyAqRVGKoggKUhSwUAIIIh0DJOT9I+flzJmEyaQBDs/nL3IzmTtA8uTOLc+lcDgcBAAAALnI9PcFAAAAkDwI7gAAQEIQ3AEAgIQguAMAAAlBcAcAABKC4A4AACQEwR0AAEgIgjsAAJAQBHcAACAhCO4AAEBCENwBAICEILgDAAAJQXAHAAASguAOAAAkBMEdAABICII7AACQEAR3AAAgIQjuAABAQhDcAQCAhCC4AwAACUFwBwAAEoLgDgAAJATBHQAASAiCOwAAkBC1vy8AEFVfX//bb7+hSw4fPqygoNBf1wMAGMgoHA6nv68BEPL+/XsDAwN0SUtLi7Kycn9dDwBgIIOWOwBS0dLSUlVVVV9f39HRQaFQFBUVhw0bpqWlpaSk1N+XBgaFPg3u586dy8nJkXYt8+bNW7BggbRrAYBXXV3drVu3EhMTX7x4UV5ezntbTKFQdHR0LCwsHBwcpk2bZmlpKSMD415AKvo0uD948OD27dvSrmXMmDEQ3EEfe/v27aFDh65du9bV1YVzGIfDKSsrKysri42NRRBk9OjRCxcu9Pb2trW1pVAofXWxYFCAVgMAYmGz2QcOHLCwsLhy5Qp+ZOfFYDDOnj07efJkU1PT06dPNzQ0SOkiwSAEfe4AiK6trW3p0qXx8fFinqeoqCg4ONje3n7SpEkSuTAgVUwmMzk5GVPo4eEhKyvbL9fDFwR3AETEYrEWL1587949iZxt4sSJENm/FTExMcuWLcMUtrW10Wi0frkevvo0uEdERPzxxx9Ejnz27Bmm3/zNmzeqqqpEXguzA0HfOHTokKQiO4IgGzZskNSpgLRdunSpvy9BsD4N7urq6gSP/O677zAlI0aMUFNTk/QVASCiDx8+YNaUieO7775bunSppM4GpIrBYPD2yQxA0C0DgChOnTrV2dmJfwyVSjUwMFBVVe3q6qqvr2cwGGw2m++R/v7+A+qOHuC4evUqi8Xq76sQDII7AEJjs9nR0dE4B4waNerIkSNeXl7oTkImk1lQUPDkyZN79+6lpKQwmUxuuYyMzLp166R7xUByoqKi+vsSCIHgDoDQcnNzP3/+3Nuzurq6GRkZo0ePxpQrKipaW1tbW1sHBQU1NTXdvn07Kirq0aNH7u7uhoaGUr5kIBlZWVkFBQX9fRWEQHAHQGj5+fk4z546dYo3smOoqqr6+fn5+fm9e/eupwkvES0tLVlZWW/fvq2rq2MymTQaTUND4/vvv7eystLQ0CByhsrKypcvX5aWljY2NnZ1dSkrK2tpaRkbG1taWg4ZMkRS11lbW1tUVPT+/fuamprPnz8zmczu7m5FRUV1dfXRo0cbGRlZWFioqKhIqjocHR0dL168yM3N/fTpU2dnp4qKira29oIFC/hOzYiMjOyDS5KIQR3cmUxmRkZGamrqmzdvqqur29vb5eTk1NTU9PX1bW1tp06dOmbMGEnV1dXVlZmZmZmZWVRUVFlZ2dLS0tnZKS8vr66urqOjQ6fTraysbGxsFBUVxamlrKzs4cOHubm55eXlLS0tHA5HSUlpxIgRJiYmNjY2tra2ImSRzM/P71mbo6enxzsqXldXl5yc/OzZs5KSksbGRiaTqaCgoKGhoaenZ2Vl5erqqqurK84vhdbe3p6RkZGZmVlcXMxgMNra2rq7u5WUlEaOHGlkZGRvb+/o6NgH06UqKip6e4pKpc6aNYv4qTDJ4PhydHRkMBiYwsDAwK1bt6JLEhISzp49m5yc3NHRwXsSGRkZa2trf3//H374gW+MbmlpiYiIuHjxYm5uLt/LoNFo06dPDwoKcnNzE3jNfDU1Nd29e/fevXtpaWkfP37EP5hKpU6cOHHx4sV+fn68MyxwhIWFnTlzBlNoZmYWFxeHKaypqTl27Njly5fr6+sxT1VUVGDeSO3t7UePHv377797q5dOp/e2zJhv7dI2QLNCpqWlTZkyBV3S0NAgwdky1dXVoaGhUVFRvP/UHjIyMm5ubrt27XJ1dRWnrpKSktOnT1+/fh3nRp6LRqO5ubn5+fktWLCASsV+7/JmhWxtbeVmoeJwODdu3AgLC3vy5AnO+dXV1X18fLZt26ajo0P8+vX19Xs+hydPnvzpp596nnr27NmxY8fi4uJwxpcoFIqjo2NISMjs2bOJV8orLy/v5MmTt27damlpwTlMWVnZ09Nz+/btZmZm4lSHb+fOnUePHuX7lIaGRl1dnWSrQ/8LetjZ2T19+pT7c0VFxerVqxMTE4mcTU9P78KFC1OnTkUX/vfff5s3b66uriZyhrlz54aHh48cOZLIwVypqannz5+PiYkR4TZFWVn5559/DgkJIdj02bt378GDBzGFcnJyX7586YnXHA4nPDx827Ztvb2dvn79iq4uPj5+06ZN79+/F/biuaytrV+8eCHaa0U26NIPcDic33//3cjIKCwsDCeyIwjS3d2dnJzs5ua2fPly0daFt7S0BAcH0+n08+fPC4zsCIK0t7ffuXNn9erVBFexy8nJIQjy/v17JyenxYsX40d2BEEaGhrOnTtHp9PPnTtH5Py8Xr16xf2htbU1ICBg8uTJt27dwp85wOFw0tLS5syZs2jRoqamJhEq/fLlS0BAgKWlZVRUFH5k517Y5cuXLSwsNmzYIFp1ROBEmS9fvjQ2NkqpXrSsrCzumyonJ8fGxoZgZEcQ5OPHjzNnzkR3L+zevXvJkiUEIzuCIHFxcZMnTxbY9OZqbW21t7d3dna+du2aaB1Qra2t+/fvnzx5cnl5uQgv5+rq6nr27Bn3ZxaLtXr16vXr1/f2dlJRUen5F3/8+NHT03POnDkiR/b+MriCO5PJXLlyZWBgYGtrK/FXRUdH29nZlZWVCVVXaWnp5MmTT58+LeysKS8vLyI9m/Ly8vLy8hkZGTY2NhkZGcTP39bWFhQUtH37dqGuiovb11xbW+vg4BARESHUbd/NmzddXV2FDXx5eXnW1tbC1tXd3f3nn39OmjTpzZs3QlVH0PDhw3GqjoiIkEalGGw2OykpqayszMPDo7a2VqjXslisNWvWpKWlIQhy8uTJI0eOCFv7x48f586dSyRYKysrS6Sj7NWrV1OmTCH+DcSL+/tyOJyAgAD8/5Gmpib3h87OTjMzsz5IdygNg6jPncVieXt737p1C1OurKxsZ2dnZGSkoqLS0dFRVlb29OlTzHuouLjYzc0tMzOz57+Or6SkxMXFpaqqivcpWVlZbW1tTU1NWVnZxsbGsrKyr1+/og9YsWIFkSqGDRtWUFAwe/ZsdPtURkbGxMTE0NBQQ0NDXl6+ra2toqIiOzu7ubkZ8/LQ0FBzc/OVK1cSqatHUVFRc3Ozh4dHXl4eulxbW5tOp48cOZJGo3V2dlZXV7969Yr313/58uXatWuvX79OsLqcnJxp06bx3jbJysqam5sbGhqqq6tzOJyGhobi4uL8/Pzu7m70YcXFxS4uLg8fPqTT6UL9mgKZmJjgPPvLL79YWFhg+j2k4f/+7//Onz8vbGTn6urqWrVq1caNG3fv3i1a7fn5+aGhoXv27BF45J49e5KSkkSrBa2srGzFihXJycmiZdDkBvcTJ04InMs4bNgw7g/d3d1tbW0i1DUQDKI+961bt546dQpdMmLEiF9//dXHxwezfwKbzb5//35ISAhmzpO7u/v9+/cFJuBuamqytbV9+/YtupBCocyZMycgIMDFxQWdR4HFYpWUlDx9+jQxMfH+/fuqqqofPnzgWwWmz11LS0tdXb3nCr///vutW7d6eXnxNio7OztjYmJ27dpVWlqKLtfU1CwtLRU4IQHT4evo6Jiens79WUVFJTAw0NfX19jYGPMqDofz9OnTffv28a7le/DgAZEROQaDMXHiRMy37OjRo7dv3+7t7c078aO2tvbq1avHjx+vqalBl+vo6Lx48YLgtzJB7e3tmpqa7e3tvR0gLy9/4MCBrVu3crvOxMS3z30gUFdXZzAYRG40XV1dHz16JJFKr1+/vnjxYpwD+Pa5IwiipKT05MkTW1tbgTccs2bN4iaDYzKZEpkgBH3uUpSYmBgWFoYucXZ2fv369dq1a3l3xpGVlZ09e/bz588XLlyILk9KSsIZK+8RHByMiew6OjqPHz+OjY2dP38+JkMOlUodN27cqlWroqOjq6ur4+PjCe7eUFVV1RPZf/zxx/z8/I0bN/LtLpCXl1+8eHFOTo6Liwu6vK6uToTlGD2R3dnZuaio6PDhw7yRHUEQCoVib2+fkJCAmdGBIAjmH8EXh8Px9/fHRPYlS5YUFBRs2rSJ75S+4cOHBwcHFxYWLlq0CF1eXl6+atUqgTUKhUaj4e8Z0NnZuXPnzvHjx9+4cWNgtp8koqGhgWB2nb179/IWysnJWVtbr1y5cvfu3ceOHdu3b9+KFSsEjtNimmjEtbW1WVhYEOlKIjhndIAbFC33zs5Oc3Pz4uLinhIbG5tHjx4J3PCso6PD0dER/ZWrpaVVWlqK82X+5MkTR0dH9F/VwMAgNTVVS0tLtIvvwTtbhis4OJjg272uro5Op6OHdh0cHHqCdW/4NhudnJwSEhKINGq6u7unTZuWkpLSUyInJ1dXV4efBu7atWuYrHs+Pj5RUVFEvvnYbLavr+8///yDLvzvv/+8vLwEvpa4V69e2djY9JZOAG3ChAl79+6dN2+eyJsuEWy5T506NSAgYMKECaqqqg0NDWlpacePHyc+DCgvL+/n57dw4UJjY2N5eXkGgxEXFxcWFobfL7Fu3bo///yTyPmdnJy4bzZNTU1PT8/58+c7OzvzfgaZTObhw4cPHTrU23koFMrHjx9xZnz11nIn7qeffjp58iSCIN3d3ei3bnR09IULF3p7VXx8fG9TjYcOHdr3KT8HRXC/dOmSv79/z0MajZabmzt27Fgir83Ozp44cSL6r3Tx4sUffviht+NnzpyZkJDQ81BRUTErK0si0/L4Bvfx48e/ePGC+L3/oUOH0J2kVCq1sbER/0uON7IoKSkVFhYSn0+Znp7u5OSELrl7966Hh0dvx7PZbHNz86Kiop4SIyOjnJwc4ruPtre3W1tbo0dT6XR6Xl6eZNNt//jjj+fPnyd48Pjx43ft2uXl5SXCNQgM7rKysuHh4bw3KC0tLVOnTs3KyhJYxZgxY+Lj48ePH48pz83NdXZ2xpl3NGnSpJ5ZKPgSExOPHTu2cePGuXPnysvL4x+8du3av/76q7dn//33X96Muz2ECu4qKiouLi6Wlpba2to0Gu3r16/V1dUWFhZz587lPfjo0aM7d+7s7VQDLeXvoOiWwaxo2LhxI8HIjiCItbU1Zp775cuXezu4tLQUMyNt8+bNUp1wvX//fqF6dTGpB1ksVmFhobCVrl27VqiZ8g4ODtra2uiS169f4xyfkpKCjuwIghw/flyofaVpNBrmbqawsJD4ZEGCjh8/bmpqSvDgvLy8ZcuWSamj5uDBg3y7noYOHXrp0iWBXyeKiop3797ljewIglhYWOzfvx/nte/evSN4kdOnT3/w4MGiRYsERnYEQUJCQnCeFeFNy2v06NEXLlyorq6OiYk5cODA6tWrvb29AwICfvnlF76R/ZtD/uCen5//8uXLnocyMjKBgYFCnQEzepOens47+YQrOjoa/bmVl5cPDg4Wqi6haGpqCvsuNDQ0xAwtijB3WNgubAqFgrknxZ9XeuXKFfTDsWPHivBhmzlzprm5ObpE4jm4lZSU4uPjhVrGXFhY6OXl5ejoKMGd4nV1dXkHNnrQ6XSBw9cbN27E/K3QAgICcOb119fX810QKyYDAwOcPyzfeWhCmT59+uvXrwMCAgZUW1uyyB/cMQM+tra2wq6Gt7OzQz/s7OxEf1ugYdqG7u7uI0aMEKouobi7u/MuZBUI8+t/+fJF2JeLcC+CqRRn+RiHw8FMm1uyZIkIvdUUCsXHxwddkpiYKOwepwLp6uqmpqbyHVLG8eTJk0mTJm3fvl0iWWX8/Pzw28LTp0/HPwN+TsqhQ4diPgIYUposiLOYAGeeEhF2dna3b98mvr3EN4r8wR09HoIgCGbGCBFGRkaYEr53hR0dHZjOR6FyjIjA3t5ehFcNHToU/VDY+DJx4kQRKsUMn+K09UpKSjDtMnd3dxFqRBBkxowZ6IeNjY29ZU0Rh76+/rNnz3x9fYV6FZvNDg0NdXR0FHZxHK+ZM2fiHzBu3DicZw0NDXnf4Rj48/oF5rUXDU5/I5Fx7N7Iy8tHRkZKMAPagEX+RUyY5TYWFhbCnoFGo6moqKC7Yvh+IN++fYt5l4sWB4kT+JnkC9MDi1n4IxD+51z8SjEJFykUipWVlQg1IghiZmZGo9HQrbzc3FwbGxvRzoZDVVU1MjLS29t7y5YtQq2Jzc7OtrOzS0pKEnlghkqlTpgwAf8Y/Il91tbWAmvBaUSL7NOnT6WlpQwGo7a2tqGhoaWlhfn/dXR0MJlMzHxiSfH09BTtg/PNIXlwb2pqwqTTy8/PF7+LkO8aet6RJWHv1oUlwaSVxGGGRiUO82fU0tISOe8rlUo1NDREt9allI2Aa8aMGXl5eX///feRI0dw0kZi1NTUuLu7Z2ZmipY7U09PT2A6LfyxaCKp5DF3eyKrqKiIjY1NTEx8/vw5Zq1Zn5HsjNiBjOTBnXfgBWf+LHF8uzIwK27U1dWlnY26XzoNpV0p5stYqNSDvEaNGoUO7ryJcyVLTk5u/fr1/v7+UVFRx48fxywJ7k1NTc3KlSsfPXokwtACkfUT+KcdNWqUmGcgIiMj48iRIwkJCeL0qEiEwBsd0iB5nzt+3keR8Z3KhhmZFCoDtWjETP4+MCvFTKkW87sE83Lp5YlEU1BQWLNmTVFRUWRkJMEtltLS0q5duyZCXeJ/10qqVd6b1tZWf39/Jyenu3fv9ntkR4h9mZEDyYO7ZPe4wYfJ/9UHkVeEqTLik+w6IF6YTjMic6JxYFYM9uX7gUql+vr6FhQUhIeHEwko3CWRwhJ/Jp9U30UNDQ2urq6XLl0aOIslRdiv5htF8m4Z3oE7ExMT8d/NfDdRE3ZkEvCF+e+IGRQwLxe/e0FYcnJya9asWbp0aUhICP4y/ezs7JKSEmE3U+2XL3iCOBzOypUrhUqYpaSkNGTIkCFDhigqKjIYDDGnPPIlWkbJb9HAfWdIBG/zOTExUUpDgpi6pLGyYzDAjP5h7oeE1fe3U3ypqKj88ccfEyZM2LBhA04jICMjQ9jgPpBD1a1bt7i5FXEYGRktXbrU0dHR2Nh41KhR6Bs1Ozs7gokNAF8kD+682am+fPkipeCOSX0jpe5+0sP8GYVdY4XR9wMhONauXfvhw4fe9udDEASTYvpbh5/+U1lZ+cyZM35+fn1/OzVIkPzPytt/Is5OXfgw/aoNDQ19M3xHMpi0P+Xl5eL0zGCmJPLtT+tLISEhOKMIom27MTDV1dXh7PtIoVBu3Ljh7++PE9kHTjf9N4rkwX3YsGGYFRzSWKPIpa+vjymR6qxqssL0SzQ2Noo8f/Hr16+YhLcS35JJWGpqanzzNnNJPDtCP3r58iVOB9SsWbMEJkWAtpGYSB7cKRSKpaUluiQ1NVVKddHpdMxMEugxFMGECRMwbVuR/4zZ2dmYcMk38aGwuru7xRk8xxkkFCrz5QBXWVmJ8yxOwmeur1+/Su8me5AgeXBHEASTsDc1NRW9W4UEKSkpYRbK37lzRxoVkdvQoUNtbW3RJQIH5Xpz9+5d9MPhw4dLJP1yY2PjuHHjzp49K0LTsry8HCdmSXv1b1/CzyYmcG1aSkqKmGPp0oA/D7gvJ9oSQf7gjskW29HRgbOXipgwd5oPHz6E1ocI5s+fj3548+bN1tZWYU/CYrGuXr2KLvHw8JDU2F1xcfGmTZvGjBmzatWqtLQ0gg15DoezZ88enK5kERIfDVj4CxR4Nz1HY7PZYm6lJCX4qwowmxD0O/IHd3Nzc0wy8RMnTkhp5Gr58uXoh2w2+9ixY9KoiNx8fX3RcxabmpqIb3jU48qVK5hvVj8/PwlcHEpra+vFixenTJmir6+/ZcuWpKQknOZqbW0tNy1BbwfIyclh9qv6puFnK8PZeZXD4Wzfvj0zM1MKFyUu/ARqoaGhOF/zfT8+TP7gjiDItm3b0A/r6+sDAgKksRLa1NQUk1I4PDz86dOnEq+I3DQ1NVesWIEuOXz4MJFNRHvU1dXt2LEDXWJlZSVCtmeCysvL//e//02fPl1dXd3GxsbPz+/XX38NDw+PiooKDw/ft2/f7NmzdXV1IyMjcU4ye/bs/p2pKVn4E/Zv377N93uusrJy2bJlIm+BLW04g+EIgsTExHh6emZmZnJHetrb2wsKCv7999/AwEATExP83cekgeTz3LkWLlxoZ2eHbgvcuXNn1apVf/31l7Cr2zs6OjgcDs5amP3796ODCIvF8vLyevz4MfGN/QCCIAcOHIiOju7pjWlubl6wYEFKSgqRVCptbW1eXl6fPn1CFx4+fLgP1vt0dXVlZ2dnZ2cL+0IKhbJr1y5pXFJ/odPp6urqvXW/dHd3+/n5RUREeHh4aGtrs1is6urq9PT0pKSkgbz6z9TUVElJCef+LDY2NjY2VkZGRk5Ort9/kUHRcpeRkYmIiMD0l0VFRTk5OfW2pxJGd3f38+fPt27dqquri5/qz9nZGdPqrKqqcnBwiIuLE1hLR0fH7du3f//9dyKXRG5aWlpHjhxBl+Tm5jo5OQlc5vPu3Ts3NzfMnCgfHx+BO1r0r3Xr1kk7+38fo1Kp8+bNwz/m8ePHO3bs8PHx8fPz27Fjx507d/o9IOJTUFCYOnWqwMO6u7sHwi8yKII7giDjxo27ePEipu32/Plza2vrGTNmREREvH37lsVi9TzFZrMZDEZqauq5c+eWL18+ZswYW1vbU6dOYdqDfJ09exaTyb22tnbevHlOTk4XL158//49umOutrY2LS3t3Llznp6eo0aN8vT0fPTokbi/LSkEBgZixjAKCgqsrKzWrFnz9OlT9D8LQRA2m/3ixYugoCBzc/Pnz5+jn6LT6SJ02fclOzu7EydO9PdVSN6WLVvEGcGeO3fulClTJHg9ErFmzZr+vgSiBkW3DNeSJUuam5vXr1+P7m3ncDiJiYncvU+pVKq6ujr3fqqxsVHkTnk1NbX4+HhXV1fM8sj09PT09HQEQRQVFdXU1FgsVnNzs5S2KCMBCoUSERHR3t4eExPTU9jZ2XnhwoULFy6oqKgYGhpyO6kbGxtLSkr47qBiYGBw//59aSfWF4e9vX1sbCyZZrj3sLS03LBhg2h3ora2tv/888+9e/ektzBFNLNmzXJwcMjIyOjvCxFssLTcuVavXh0XF9fbOD6Lxaqrq6uqqqqvrxdzuNXAwCAtLa23Hd2YTGZNTc3nz58hsuNTVFS8fv16UFAQb3d5c3NzdnZ2UlJSUlJSVlYW38ju7Oycnp4u8cnjMjIyEsl7TKFQAgMDk5OThw0bJv7ZBqbQ0FDMQhMinJ2dExISlJWV582bhz/rpu/JyMhERkYOtKvia3AFdwRBPDw8Xr9+7e/vL8LnU05Ojtt5QuRgXV3dtLS0AwcOCNso66/MhQOTvLz8mTNn4uPjhRqRVldXDwsLS05OFnMjJ77U1NTevHmzefNmcT7hbm5uT548OXv2LLl3ah4yZMidO3cwo1A4qFTqzz//nJiYyE35p6CgQPy1fcbAwCAlJWXgT5EYdMEdQZCRI0dGREQUFxdv374df24Tl5KS0owZM86fP19ZWXnz5k3i7SxFRcW9e/d++PDh4MGDpqamAmvx8PC4du1aREQEwfMPHh4eHoWFhVeuXHFxccHPYG5tbX3q1KkPHz5s2bJFernOx44de/r0aQaDkZCQEBQUZGFhQaStQKFQzMzMQkJCcnNzHzx4YGdnJ6XLG1BoNNrly5cTEhKcnZ1xJiwpKyv7+vq+fPkyNDQUPYdt1apVfXKZwjEzM3v16tVvv/2mp6eHf+SIESO8vb3v378vMAJIHAVSr338+DE7O/vdu3dVVVVtbW1sNltOTk5FRUVTU1NHR8fY2NjU1FTM/YC4Kisrs7Ky3r17V1lZyZ1NpaysrKqqamBgYGhoaGlpCW12Ir58+ZKZmVlYWFhRUdHa2iorK6ukpKSjozN27FhbW1v8ZSbS09bWVlBQ8P79+4qKitra2paWls7OTllZWQUFBQ0NDS0tLUNDQ3Nz82/idl56KisrMzIyCgsLP3361NXVxR180tPTMzMzs7Ky+hb3SOJwOHl5eTk5OaWlpfX19dxfikajaWlp6evrm5iYGBsb91fOfQjuAABAQoOxWwYAAEgPgjsAAJAQBHcAACAhCO4AAEBCENwBAICEILgDAAAJQXAHAAASguAOAAAkBMEdAABICII7AACQEAR3AAAgIQjuAABAQhDcAQCAhCC4AwAACUFwBwAAEoLgDgAAJATBHQAASAiCOwAAkBAEdwAAICEI7gAAQEIQ3AEAgIQguAMAAAlBcAcAABKC4A4AACT0/wAIUGQ+IzwttgAAAABJRU5ErkJggg==','1633685T/N/M/000',NULL,'Rue Mohamed Kacem - Tazarka 8024 - Nabeul, Tunisie','support@techno-smart.tn','+216 99 699 280',unistr('RIB : 25098000000067686949\u000d\u000aIBAN : TN5925098000000067686949\u000d\u000aCode BIC : BZITTNTT\u000d\u000aBanque Zitouna'),'data:image/png;base64,iVBORw0KGgoAAAANSUhEUgAAAPAAAAB4CAIAAABD1OhwAAAACXBIWXMAACxLAAAsSwGlPZapAAAE02lUWHRYTUw6Y29tLmFkb2JlLnhtcAAAAAAAPD94cGFja2V0IGJlZ2luPSfvu78nIGlkPSdXNU0wTXBDZWhpSHpyZVN6TlRjemtjOWQnPz4KPHg6eG1wbWV0YSB4bWxuczp4PSdhZG9iZTpuczptZXRhLyc+CjxyZGY6UkRGIHhtbG5zOnJkZj0naHR0cDovL3d3dy53My5vcmcvMTk5OS8wMi8yMi1yZGYtc3ludGF4LW5zIyc+CgogPHJkZjpEZXNjcmlwdGlvbiByZGY6YWJvdXQ9JycKICB4bWxuczpBdHRyaWI9J2h0dHA6Ly9ucy5hdHRyaWJ1dGlvbi5jb20vYWRzLzEuMC8nPgogIDxBdHRyaWI6QWRzPgogICA8cmRmOlNlcT4KICAgIDxyZGY6bGkgcmRmOnBhcnNlVHlwZT0nUmVzb3VyY2UnPgogICAgIDxBdHRyaWI6Q3JlYXRlZD4yMDI1LTExLTA0PC9BdHRyaWI6Q3JlYXRlZD4KICAgICA8QXR0cmliOkV4dElkPjdjNDM1OTBkLTBlY2EtNDc1MS04MzljLTlhZDA3Y2M1MWE4NzwvQXR0cmliOkV4dElkPgogICAgIDxBdHRyaWI6RmJJZD41MjUyNjU5MTQxNzk1ODA8L0F0dHJpYjpGYklkPgogICAgIDxBdHRyaWI6VG91Y2hUeXBlPjI8L0F0dHJpYjpUb3VjaFR5cGU+CiAgICA8L3JkZjpsaT4KICAgPC9yZGY6U2VxPgogIDwvQXR0cmliOkFkcz4KIDwvcmRmOkRlc2NyaXB0aW9uPgoKIDxyZGY6RGVzY3JpcHRpb24gcmRmOmFib3V0PScnCiAgeG1sbnM6ZGM9J2h0dHA6Ly9wdXJsLm9yZy9kYy9lbGVtZW50cy8xLjEvJz4KICA8ZGM6dGl0bGU+CiAgIDxyZGY6QWx0PgogICAgPHJkZjpsaSB4bWw6bGFuZz0neC1kZWZhdWx0Jz5TYW5zIHRpdHJlICg4MCB4IDQwIHB4KSAtIDE8L3JkZjpsaT4KICAgPC9yZGY6QWx0PgogIDwvZGM6dGl0bGU+CiA8L3JkZjpEZXNjcmlwdGlvbj4KCiA8cmRmOkRlc2NyaXB0aW9uIHJkZjphYm91dD0nJwogIHhtbG5zOnBkZj0naHR0cDovL25zLmFkb2JlLmNvbS9wZGYvMS4zLyc+CiAgPHBkZjpBdXRob3I+QXppeiBCcmluaXM8L3BkZjpBdXRob3I+CiA8L3JkZjpEZXNjcmlwdGlvbj4KCiA8cmRmOkRlc2NyaXB0aW9uIHJkZjphYm91dD0nJwogIHhtbG5zOnhtcD0naHR0cDovL25zLmFkb2JlLmNvbS94YXAvMS4wLyc+CiAgPHhtcDpDcmVhdG9yVG9vbD5DYW52YSAoUmVuZGVyZXIpIGRvYz1EQUczdVJfMGtVVSB1c2VyPVVBRlo2c1VjTUFZIGJyYW5kPUtpbmdzbWFuIENvbGxlZ2UgUHJlcGFyYXRvcnkgdGVtcGxhdGU9PC94bXA6Q3JlYXRvclRvb2w+CiA8L3JkZjpEZXNjcmlwdGlvbj4KPC9yZGY6UkRGPgo8L3g6eG1wbWV0YT4KPD94cGFja2V0IGVuZD0ncic/Pgq7WHkAAJpQSURBVHic7H13nFXV1fZae+9zbr9zp88wMJQZOtJ7kWKJooioRGOMjRhj++zGmGJiS3xjoom9d1RERFAEQaqi9N6HAYZhep87t5xz9lrfH+fOiEne90sCvnnf78f6Y37cO2fuKffZaz/rWQVkZjhl/2OMGQAYABCRiIQQ/+4r+l9m6t99AacsZS6Uj5XXNtQ1791V8vLLS1HoeQt+7w/4/t2X9r/JTjmA/xHGzG1tsZXLNs2c8fBPr3sUGO68a6bPa5YdqTi1hf5Thqee1/8EW7N626KF6/x+NWhQ96nTTleGXLxwVW5e5uDh/RHx3311/5vsFOX4dxoz19Q0vfLSJ5VV9T+797KCglxmdhEcSQ/2Pa3nKTT/s3bKQ/97jBkS8eQ77y7/cu3222+9eMBpxR1Qbj+AT6H5X7BTHPrfYMx8qLTiqqsf9vuNl1/6Wb/+RQDwV/A9heZ/zU5Rjv9WY4ZoNPbccws3b9n98kv3BoI+ABDiFHZPmp3y0P99RkQ7th+89LLf9u/X5Z3Zvw2GfKegfNLtlIf+bzKt6aUXP/l8+bp33/5lMByEU6Tiu7FTHvq/w5qb22666S9C8Jw5D4XSgqcc83dnpzz0d2vMXHqw4tqfPPr6S/d27d4JTswxu5IUMyCecvB/304B+js0Il6+bNOjj737wXsPZGal/QsIZGZXv2PmZNLeurX040Ubvvp6d49uGS+9eM93cMn/6+0UoL8rY+Znn5n/8aKv33vnV+kZ4X/KoRK5IjQ3NUVXrdz20YKN6zYcEaAyMj1pkYzqKgr7m10/fcr+yk5mYoWZgb6dHUBwa8cAGJDxmyMFABIxAgCyEEDMiJJZIyCzAABEYCZEZCYhgJkBUx/KiAiCARgAmdwzC/e8zN/EBe6Z28/KlNqmEQVA6sPbj/jmmt0aN/ex/MvbOjO8/fZnL760ZO6cX2Rmpf8/STMzM6f0O9u29+8/9uRTH6/fUApaZkXUGWcPHDykaPTovh/MW/fgQ+/+8ufTZ/14Gpwwmpn1f/ar4278f1mU9d16aARmJgAEBhTI7RA7Hi0uepg0CkJgYgJ2iyc1onQPZhbu6mAAAgLNjCxQIAIwMKOLVhCCgYDQpZipldpekOlWYhIRsxZCADADI7ifiu6JEPHEKzaZed3XO595fsl/PHJldk7Gf3FYx0M4WlYzb97qZcv2VlY1A2IoKCeNL1744c9y8zKlkoi4dfPBe+99FVnv2/Os6TFO8Apdcxf2/2f2XQIaXTQTsAAQTO2Yave+zEzAyNJxHMNQRJqBpDCIQGttGFJrdNeDCzUAoUkLVEIyuK4UAIiZCAQCMrq+O7UGUtlj9532a+p4hwFdpDMAICCAcL9gImp35N9KRMM/4bDxw3lrI5G04cP7EFHH3x0fzCWT1t7dh5cs2bhw0eaWFis/L3PMmF4zZ44YNKioZ6/OPp/H5c2k6fXXP39r9udpYeOpJ/9PXl7mSY0F/z+kLN+xh0bklBNkBgA6nvcRCgnMmhkAHZs0MYCwyCbNDKA1MQAzKEOydr0uIUgNoIERQAhBRCiEJhYoiAE0gUBgAGYhhIsJZg0g3OjK9b5EhAgAAoAAv7ki95gTL6tHhK5ds+Yt3PX4nz4IhcTpE4dlZIQdBw4dqlq5cvP2HWXRmO31y9amZr9H3fCTMy68aIrPZ7rU73j5orS08oEHZ7e0NLz68m0FBTmnlI1/xL5rDs3ABEgMLmUQzC62CBC1Js2QTFilB0vLDpcdKTsajbbatmPbFAgGunXvUl1Z0dzSkhYOI4ri4uLi4mKPxxNPxA1DZWakB/x+KQVKpV0IIggERgACJdhxCBAEoiZbCOnqXYgCEJgAXJKR8ugdfSLoroGOn9DuXY9z9u13epzD/ttCItt2Xnzpk2ef+/TA/opIWigY8qdFfP37FIwY0WPkyH55uemRSMj0mh6PAYAudf6rD5k7d/mK5evvvPOKrt3yhZCnkPwP2ncAaNe9sbvtAzMzWACEaACnAI0IDCJp88KFHz/37AtVFZWxaFtjU7PX6w2nRRyH44mYz2+2NjcnkwkANAwjGAymp6cDkGVZPp9XKRkOhwcPHty1qCgSSS8o6JSVlR0OhyzLlkj5ebkej9nOpElK5NRO4fpsSHlxKRCBiIk0EUkpXK/vPhOlVAfCiAja6T60Axq+TUL+CtNEzEyOrQEBEaUUUkoidyXA8WvG/UAillK8P3vplu0HyyvKr73mgvHjh7oE+q8f8qks439uJwHQHY849Q9wYy1kYgAk98siByUTATPU17WUHjpceujwiy+83tDQFPR7zzxjyiWXXJyVlYkCDK/HsSlpWUKwAELAeDwRj8dLDpYcOLC/8liVZdsgxP4DB2zb9ng8wEIIAYCW7WRlZdXXNzTW1505Zcqw4cMaGupra2tyc3MLCjqFAkEpFUrIzskIh8PJZNIwjLa2NokiFPb7/X4UaCiplGTWQgomEEJqzUIgkZZStivCAIAA7CKKiIQEJkQULiV1ZRkAV7TpeDJ/R2Lr+DiX5GzcsPOppz/Ky4n8n1svyc7JkFK2s38+fpdof+Apxcd9mWJfiN98C+4Sbj8VIhx/De0xyX+14fzj9at/b411XOF/t50EQHdEUe2vj3M8gI52lEKttaNlY1N01aq1H3300dGyo0OGDsnJzi0u7jZ82KC83GyPR0kpNGlpKE2MyFIQaUFaK8N0bK2JEIEcTUya2LJtIYTjaMuyk0nLsuzm5uZwKNzQ0FhZUZGRkSEENjU2xuLxqqrq+oZ6y3aCgfCRIwc7dcrt3LmzbTu2bdfW1FhJKz09YpqGo3W/fn0nT57g8Zi2YwmUzGxZSduxg4FgIBBk5mg06t6aMpTHNAEBUQATomQGRNGBJzhuhf9n1kHrKyvqHvvjvMaG+vt+8aOiogKBol0OguO3iHbUAuI3G0VHL23HO27wACkxu+My/i68/hrH8G1c/iO7QUdX77cv+N8G6BMNCv/2O3M1MyZiZq21NJSjNYDR0hJ/5uk333n33T59e9559x3Dhw/MTE+TEskhgQBEIFAJ6dgOCsGsCUgKZCIEZrY9pqk1Ka+wLMfrNw0LTNOjbY0oDMOwLFuIQiUVadI0GIVAdGkCJBN20kpqYiFltLUlkYj7vB4ith1CgFhbrKmpsbGxsaamxuPxAEC0rbWurlZKaZqe0tKS1tbWwsKu/fv1j8fjq1avLjlw0B/wFhUVjR49OhgIMjGxBmbbtpVSSpkupCzLQkTDMP4uSlzfh4jr1+958skFFcdqHn7kmmHD+hiGgnZ6AynVUWitU4oHkZSSWWutOxYPM9u2bRhG+29Za90BayJOqaKueArfBAbMLAQwu6dzVaNU0Oz67w5l5q+/3G/dCLezuNT+cNwB9G0Nm/5K7/+O7EQ99N/7c0QA7Tjg3pOQlq2bm+Nvvjn3pZdeu/qaH/30xqsDfikALCcmpQEkHNuSUghhIpJSSASWZRmGcKM0rck0Da2ZGaRwvQohiHZFTAEQMDCR1lpKQ0h0tCWEIGJEIYQEIEQkQmaXTxOggONYQMdNEFsA5EovQigAdhxtmiYCJq3koUOH6urq2traQqHg0KFDPR6fbWlEYNCWZRvKNAwPADBjLBZFRL/f3w4gOG5/ByKOxxN33vXcnr0Vl84c8aMrzgmGAkJIl74LkETa1rbWNqJUSrWDkhFRa8fj8bgBCpGL7BRkDUNpTUQagJVSAKi1llK6YHI//zguwa5y2g5iF/rYDlM4XvARQhyv/HQccxyEvhVDAxAAALh7BX0bHv+cguSeqC0aD4b8/8jxJ41DH/fSlZkZAGyHgGHb9r1zP1jQ0hydOOn0yZPGRjICUmhmW7OsrGj7bPGGrVt3d+6cP37sgCFDe3p9rJRgYkAANtxHjwhasxBCO6yMlKdxGblIbankCs9CSEDQ2pEy5WxSrggAQCICsQMg2tOXWghBTAjoMk4hmdkBYEQFIDDlZtDRjhCIAkiTEKmEDjEINBgIQGsiKaQUihiBMZlMAoDHY7jhp7syXZeZTFqvvf7ZnPe/7Ncr86yz+4TDvr79++Xm5GlNQgCTEIhNTS0ff/Lx1m1bcnKyCwu7ZmZm79+/PxaLTpgwfujQIYlE0uPxejye2tq6r7/+OhAIkWZ/wJuVmWWYSghUSnm9Pq/HI6UkZtIaEJWSSikpZTvKwc2/dvDydmKdotdEJAR2hMh/GxCnAIToJnwFpvYigd9mId94jg6fLf8LLB1HgQARjh2rtuJWt6LO/yChPwk6dAdZTAUTQO5GKaQSQuzfX/rWW+8apveqq6/o3btHOOS1rbgwTZCypir60AMvLF26vaXZ8njk4kWrf/XrG884YwBpRwAAYGtrzOf3mKbS2nGRXV1Tc+DA3v79+2VnZyOCECKlbberbywQCKRSAKC1A4gMLFAyAQuhtWaBiAgMRjvbk0JoTVIaAIioyV0/DiilSNsoEFEqiZpsBERIKdlSSImS2T01KqWYWTMBSAA2TRNTaX83YmNmiset115b8smSdX16dn75xVsLOkVsO5lIJPzBALMWAhGRAYQQXo+/Z3Gv1mibUhAIBIFx86YtVdUVjuPk5eXZtu3x+Lp06VxxrGr27HekUIFAEBHT0sI1NdUHS0t9Xn+3bt27dCn0eEzbdizLUkpm52RlZGSEQyEAMAxDSCGlQCEEikDA7/X5iFgJIaU0DEMpZRiG3+/3BzwdLvzbjKIDgiAQ2r9/JiKUx2n7qeVB7pcDQAj4N2wEvn1wynZsP7B394FRowd1L+7yT6DxRCmHe6tuuplZa40oCZgAbYfraht/cd/9jtYPPHB/t26dkDUwSaksy5JCvvv2Vzff+htLZ0WyujS2VOt41eWXTnnu2bsRk4YKfPnVxp3bd132g4si6R4GBvbU1Tbe87N7ly9f8pe/PD5jxgzbdiQioCDU+/cf/nLt2mAot3OX3o5WySTl5qUXFPr9AQZiRcAOSoM0S0LSLA1kSVpIkkIxC+0AEYFiYBvIMZSHSKCSQKC1LdBEoQEtJqGUlziJiKRRCIOZ3EBNCGDQRAxsSCFtyzJMQ5MWAgFFW6zthRc/Wb5yW//eBTf89MKuXfMRgcHpECiAEVEggGOjYUjbISG/AZBt20oJy7IQgEFKqaRERLRt5+DB0mQynpWVFQyGWlujK1eu3LhxY2NjIzMbyuM4Oh6P+3xen9/HzJs2b969awcDhCOZjmO3RRuBUSlvekZuJJIhhDI8yuf1mEoEAt6crKzOnTunRUJKKa1tRAwEAi7/cSNRROFugACQnpExdOjQ3NxsYlICAVyNkhCFu6ER2YAkUBITgjpe8j8eTi7J2bJp7/yPVowZPXDS5OEer/lPaZQnTDnadV1EICJNJISyHAcAo22Jxx57vKTk8N1333Haaf1NhYhaIDAjAhw7Wnf1j36zdVfpRZdf3G/Q0Llzlm9Zuz43m15+6b6JkwaXlzV//7KrQ8HAm28/nZERREEIYuOGnedOnX7OOWc+9ND9RUXdHMeREm3HdrT99NOvP/jgYyiyCjr1tclMWDh23Mhp00ePGt091tb8xitzkm1ml86FCcvxhxxvANPSzDMmTszOiDBZCBiP2+XHKmNJx+9VmRlp6ZGwkkprFhIsK+n1+gAIhcOkEAWiBgTtMKLS2gYApRSxZiaBQmsQIJhJGVITJZPWq68vXvzZtvQ07y03TR86tLeLYCEEg0YEJtKkXZGOtQB24aIJ3AihowAaEVBKAWgzCGA3QmAUBCzdVKgbKbrihksNtGbSpAwlBFhWcv+B/Tt27IhGo50LC7WmqsoKYLAsbVlkO1RXV1deXo7IpiGtZPJYeXlDYwOR4wqRLuHu4CdaExFrrR3HsSyHGEaOHNmpUycpxbTzzxswYEBOTrbXa2rNju0oQyjlqpkA7VUGf1fK3Lv3yFuzl44f22/cuEHBoP9fkNtPmHIwICADd6QeCEgK2RaLL1y48OjRo3fcccuggX2lACmIgRgAUTBBU0t08+a9gfSs86YPHz5mYHZm4P7DGw+X7qiqrgIUnyxas31b2ZlnjtfEgApYxxLRPXv2nX3Ouddff23nLp3dk7uhvePYaeF0pTytUael1crM7WS3JENpuY0tCRJy67Yjr726WEJWKLypoaFWeVq1kygsTM/PzZ00YbR2cM+uI/MXrDxcVtPcGj16eO+kSSN+fu8tmRkewVxRUb527ZdnnnlWZmY6aQGAzc2N0Wg0JyfHND0AIIRMMS4GBNkhFAAJRzuff77pxVeWjhja+9GHrykuLoD2cErKVEQLAEIKTr3NAEprbSiJkhQigCB2BEqtU8IogxYoHZuUSmXxXdATOQDC1csBSGtXCEelBCjlgttQZt8+A3r17OvKo0opZk0EpmkkErZAjCcS8bYEg1u5Ba2trYl4HNANTsgl0+7C01rH44lYLO44Tmtra01tXU1NbUnJwera2oMHDi5fvqJXz57nnze1/4C+gwcN9Xi8zKS1q9J0SIrUIT4CACLW1ja98NxH6ZHgzTfOyM3N+JczRyenlqMjBkdEAWgTbd687bXXXr/mmmuGDRsCTIYSzLbrxaVUGijhsBZeqVTAY4a8euKE/PHj+9dV7w2lZTokmpqthOV4vdmGCgAIYDYN3wUXzLj8ysuZNbGtWSAKIZDYVgpHjhpy6+0/TSQ9nfJ7Z+UVNbe2BtJUKI3T0r2NDXHSmaNGnltfW36k9BBhmalUvNXPltQWVVTU3vWz3369/uC99z3c1FC//LMvD5TMGTV6+HlTJwX85qeLP3vjjTdHjBydnhkhQEPJ2pqmAyUHxo1LE0I2NjYv/WwZkZg+/Xx/wHSp9u49e9LC4X37q2fPXlldVX/PPZcWdsuWQtkOeL2mlUyYppuBJwTlJmEEKkRMJpPMOhFP+vweKZnBAbeKC1FrJnKUEoCM4JGKGRxABhakEQUBEgALIYkc4UavbooWNZNmBkQFiIZClx0pZbiQAiTtOIZCZg4FPX6fR6lUPig7O7MjKw/tsWDHTzesZEY34LZtLZVM2nr7lq3z589fuGDhzTff0qtXr4suuujSSy/r06e3bSeVUsyoNSml2mNlAICKitrZry2TJv/wh2d27dYJ/g5R/yfshAHtqhDHSYzaYdLO7LfeLsjrNO28cwUQCtDaEcJVJ4SbIPd5TZ8fa2tqXn7+vU6513ctzL31th9Mv3DchIkjtu08+OmSldLIWLdhy6LFn1/xw3PtJDU0NK9Zs7G07NCoUUNHjhxiyBRlZxZKGf37Ffcf0NtycPeeI81NeszYnqGICagNJWurK7PSM2dcOKGoD9TXjqs8Vv76a2/OnDl1QL9iJeUfHnt2w8adkUheItHI3Oz1G00NyXVfb5p2wVlJy4m12X16D8pIT9daA8tEwjLNQEZ6DjMKKY9VVD/44GPxuD169NiingW25SRs59VXFuw9GG2LWpfOHDv9gqvKK2sf++NzsbbYjAsvGDtueFNTfU52ps9nKiXdLc11fkKgx+NbsuTr+R9+dOcdN2TnZAfDJiAhYyJul5dX2I7Oz89NSwva2haIqWJuJhdyiC7rAABgFuiKPqABAIUAcl2swyyFRCbNAAyEoIRAZlfBIERQSnTI0q7n19ChSTPit/LwrlaoNRMzCtTaAaLhI4YOGjTgB5d9f8GChXPmvPfsc8+tWfPl1ddcdcaZk7Iys0zT6NDmAbClJfriy4uqjlXPuva83n26CXkSyllPHNDQUSXm3p+UasP6bQdLDl4768fpkYjWNiAKIZhdlyMZhAAKBzy9exas27hrwfwlzU2t1826Yvz4QT179gTDqa5rKD1UYRjpdXVNBw4c1ppqamp//evfLf98Vcyy8/MybrrlJ9fNugoRAFkgMDiuGt3SGH/iD08c2Hv0hVf+kJfdzdGKbFAAyWQjiOahIwcJ6MQ2nHvOhKycNJ8/uGtP+apVWzMzsu79+Q3nnHt6W8IyjOSTf/5LTX1t0rYMKaKtyUTcSVoUAMGMypAfzvv488+X33DzDUp6qmsac/NP27/v0LyPvoqkh5qbWr9Ys7umum1Av4zf/PmWvILsPXtLnnnmpT17S8sOH9u5o2TChDH79u24886bJpw+WhO4RVJCCK2ppORQdVX1kiVfvv/+oqNldRfOOHvqeRNz8jKIYNPmnQ/85pHauvprf3z11ddcbpiCSezacXDvnn2Iul//ngMH9kNARKE1uUnTYCAglUCBWmsEEEKRZkSPi1UGkArdYgTWqRQ9MwIgCECRSqi0Q/db2oarNQGw1pSSZZglCgBkIQSyQBQS+/Tr0617t2kXTPtg7of7Dxyc/9GCTxYtuu/enw04rb/WREQVFXVvvPVZTUXDxTNPH3PThW7a9aTYSeDQDFqg0AQoGFjEY/Y777wXiUSmTBnPbAkhgUUqMyyYSAMzAadlZJx51oQNm7baDi77fNPO3XUXXXT2rOsu6N4znJ6Z07lLUWXF+r79uk+YMNxQcsvWHYs/XTps6Jjs3IJ357z6zrvv/eiKy31eQ6Bi0gK9zILYkYxVFdUH9hyghPQIFqwJhASy4w3JeCugo1kbPiOvIN/0akc7n36yvqTkyNRzz5o2bWx2ZpoGPeu6Sz78aHZVVWVrU3NjXWL79mOHDzc8+rv3AKCsrKqlNX70SA2CevrJRZ27ZoZCoUgkzzAbFy3aXVVV7/NiZrq/ru7o7j3Wj658LBIJ5ucHuxT0GjPu9PKjdft2H9ixc/fe3SU7th0YN26Eu8YRheNYlq3//MRzK1dsyM8r9nsLVqzcsGXbRo/P8/2Z5wvFzU3x3XuqauucRR/vvHhGc25+ZllZ4yO/fWPpiiVCNl//0x/1KOrm9/qFtPbtK3viiaeiza3jx4+5+tofmF5hKB8hHi6reO3leU0NcWmozIz80aOH9Sju7g1yKCQ8HqqqaGhtMoVQGdl+r4mAoBRoJ256wJDIrLR2XG2DiNxciRuPEpMQKFDxN6I+MLPHUJo4GAr06l388/vuTibtZctWXHXlNQLkAw/+KiMz94UXF9VU1V155ZmDB/d0eaPbCdKR5fm3AhpTOVohJAAwwBdr1y5Y+MlDD/42M9Ol9sipHhKAdo2dCT2mGDdh0JDPem/bepQpu6HGeP6Z9+vryx/+jxu7dskfPrzXhvWLr7n27rFjhycSzrx5CzoVdrrtzhsGDOyX1HWVlcdsxwkKU2st3VSWFAjStnUi0cZoO2QREZCwHdAUbkviqi+2TjzntMzsgKPYQNAOGFI2NzUDWenpYZ/PCwBVlfV7dpSNHT71yJGmGdMf1I6OtcWk5F59O/ft2yUrK23z5p133vnzrl0KHn/igfzC7JZm8cjDL9bUNkbS+Nprpl944di9uw7edMttv3v0zuHDe5eW1H7wwZJY3Fm7aoeVoO7delx26bTf/vahtV+vu+T75+blZTELrRlAHDp0cPWaNeH03Ht/eYvfby75dM3TTz310fx555wzLhyOeL1hKUII2lDpCEHQsqqidd/eRoQCy1bJmMdKYDgotYaNG/e8/fYCIGhuTc68bGYgGNIaUPDhw+WvvPpGXY1tO6Zp+rt36x5Jj3gCLTfefM15U8fOn7/itZc+NMyMYDjLY+pAQNhOs9ejb7/tJ0MGD0DhKjDAwO1yv+unZUpZRgIUCN9UjDCzQGRAr8ebTFo+n3/ypCmzZs2a+/682+96zDRybrh++sTJlyiFArEjgd9RgnKCduK1HO0NIgwA2NzUumTx8kTC7tatm1LSjWQ7ngIzub2AiCylHj6y7/2/+dlzz3yy5NMtAqStffM/WDR9+piJU8YKjAI3jBjVy+uTLQ2xJUuWXTPr6uGjT/P5jeHDRy746NOqyrpwqAARSYOQbloR4vFYW1uLgwlwPYfQANpyUENk6dKD1fWvDxiY7vNGDRm99JLp/foU27YlBba0xB5+6N2tm0ttyxk4qMfQIb0vmpFT1LNzdXX8B5fdmpGVPmzUsKLiLFNhZW21x5tjmiFArK1p+e39Lx06Ul9RXpOXnz7le8ODIV9dTasSYYGmx+MpKzv66eI5F1x47u8fva+2tvXQwWNLFm8IBgqPHmlct37zBReczcQoEEDW1NQmLbt7Ts7QUb2DXk9udvrG9aurKqqTySSi0FoChBCg4lhbSWlVXm73hAVxO6wBgdEwMk3Dm0zqpGXt3lsBogAQq6rpYGltemZACgSAZMKRIsTAKAxGT0npYcaEYdrjTz88acrwqpr6bdv3mmYx6SRBArAJoBq5Pjc7rW/fHqappDRcwiy+yWOjG3e6aX9gAkwl/zoSogCstVZSMItk0upSOKzvAGfX9rWduoQaW0bGk/38UgqQbix78kqYT4LKwe1FLKi1Lis7uvzzVSNHjureo7sbCHdEGAjALNwg0q35DPjtcRN65ub/eNjILdWVsYULPj1yZF+8zY42RasqKoB1IKAE6ng8ilIcKT9WVdMcDPrb2kR1ZXTXzgO9erpCGAAAk3aLZLS2hUAUAli48ajtEIiIP1C4f2/ruq9XCHHMZ9R7ZNqc5Fer1+zKyRtSWlL3vbPHXT/rnMIe+YYUpONSChJmXd0RhwKVNeqPj388YECX8eOHlxxqq6lKXnzhxFde/WTPnjKgxMWXnP3+nI+ra2vr6pryssPhSBoBWpYjhPnZZytaW2Ijhg0FdiJh/5AhRYOG9Fyx8rMD+0vnvLW8ZG/15Veck5WZoUyRn5fv8wYb6lsrKmu6FOQXds+4/4HbS0uOpYUyEDUAMJuMxqGymi3b940bUxhNJJO2IUUW66jpSSMEUBBrcaqrY46TBWCUHmrbuHnfqDHF2rYRpWF4lFLMrRNOnzCg3+jNm77ctmOdYxv799e3RuO5eQWBYK62cpWZ43CbkFKpNgExv98QwpHSBGBAFKnc3l9BDzHV80PH6XHungyI3NjU8tIrS5ct2zbzotGP/+m6P/0x9va7c/70xyci6aEzzpjARFJKIi2E/Nsky79mJwpol3EwsRDILLSjm1uj3x87uqBzLmkNAFJ+IzdCSvcRRHrvngOarMLu3Yt6pl93wxk1NdE9ezaVlVmm6WF2m/wwGPAiCK0hHrcXL165e9fhQCit7GBNNNpy+HAZIpJ2lDQAHGISQillSiWEQMd2mAFYtTU71eVNksw+/bKzsjwH99e1NqfbVnLTuqNnfW9wv76dduxadu7UH/7g8sl+T0goQAZpmlo7AGAappABy8pY9lnpksW73nlri9fv9O/fe/ee0rFj+z36Hz/94+PPDRxU0K3HrDtu+9W6ddv69OpikeXxS1/In7QZ0FTK26VLIRCbyiQGB3RaWkZz69ZzLhgxZPCgN1/9JD0jdOnlZweD4UAwY+OmfW+9sfTWOy6XSg0YPGjgoAFKSiYHWaEMmN6ABqstaTMomzFJ5PGm2ZY3YbFGIsLm5uj+kjKhAo7jtSkeSxABSInMwkpq2+L8nMJ7f/mTXn1zGmoHv/Rs/qsvL6uurrWtxPnTTs9ML3j5xTVffLEvFMj8/qUXnz6xm9eMFvfIVSqgDKG1FiQAO9rY8DglBDqKbZgJkAFT7dDHjtXOee+rJUs2TDt/+ML5vzYMgxkffPA3ALhg4ccvPP9yUVGPHoUFjsNu1UBKmIETJR4ng3K0l3MQkSZNWocjaUQaEY5feczYUfMejUYfevCRPXsP/e7RByedPc4fgmASfD4pBDGBx2sGQl4AdmwLSNRVtzH5fL5wTm5BZWVDU3NjQUFWcVEhIiNSe28VMoPWWqDISM8K+P0omInb2hpLDmzp1l1UHFuLkDlwaM+iwmDA13bpzAtz8vLvuvN5rzfUq2dfpUxAZnaYFZI7KAEsK8E6iWwHgtLRQon6kN9qbKP+/XvffMtl4bCvsb5u29ZN37/8Mp/ft/zzr6ZPm6jJyspJi2SENWiHuHtRj8zMTEwVuDjMGAwFyeHWlrYB/Yv79imqqqx6+fm5eZ2yQ6FM2yp/67Wljh0869yRQ4cWBr0GMCEZrCVoL0PA1pS00UZg5aDHzgz52lrj3oBQptKMrVGnrbXN4zWDKqOx8UhVdV08Fvd7DNYshGJwivvmdeuZnp4tM7Ozr7jm3LffWsLaZhL5BeHzpw/yeAM792wOeOzpFw0YM6bQa7CUUklgdpi0BpZStFNkbO8PJWSBKAEIkLTWbmlTVVX9++9/tXDh2omnD3jzjbsyszJSmVGi7Oz0u+++rbq6eumSpYUF+fff/4u0cNhN2SASCsD/vG7pH7QT9tCCARBYaEJmsGyHiH2m4VYmMDiIogPHbpEKgHBsXVFZvWvXoZUrN48cN9IbBCBqi8Xy8oqzcvMMn+EL+ACjwKCJSw8f1Q7PvGT6T396dWss1tzQ4Per0/oXM7EAQ7OjpCC2ESSCktLr9xumqQ6WVC75bMvcD7+qqGnSOvrMC/dOmjRIglewIyUhAgPZji2Ex/AoQGANQgqtSUmBbDKBEJp0fNyEruPGDyjZuxcBPWHfS8+/O3hYn0TSSgNvS33jwb0Hgib6fWLdhi17Dx41/f6snE7hdF9dXaKism7shPHeQBClwezopC2UGYu1CYE+nx8EgIZOnbNvvvXyL1ZvHtivz6b1hxvrnFeeX7Tgwy8vmD70phvP71KQxZITjqOZmIFQxBx2ADSI4p7dzpryvcf/sNLrFSYopZzqqvpoG0+cPL64Z59XX3huwfyF06cNnTi+v9ZMjsGgcvM7Kb9Koq1I1De02o6dTCRZa0ngMah//y59+qWXl+4yVdTvRXQLHDUohSylo9FOOI1NjQIoFM70BwxgYmDHcUxDMctEMi4VNdVbixZtee+9VRMm9H1v9i8ystKIbGZAKRgtIT0KsKio6LZbb6mtqX7rrbfHjBk7ffo0IVCZQJokSsD/tG7pH7QTl7KPKzZAEW1LoFAej9ct2G1vr/jmaDdo8HjMnj2LEdXcOcven7126/qWxR/vPHSobPzpY4YO621brBQAS8dxksl4Y1MNccI0OC8v3Kdnt1Ej+502oHco6GXQmrWUkihVFJ+0LdtyMjK7P/qHOdfOenz3rtKbrz8fqSbg46JuXbzKNBBYk0QPMAhk0+ONRlt27txhWTYgaYaauvp33p27dcsuBFRK5OcLj9lSWX7w+hvOf+rZW8dNKGbdVnGs3EomtePYdkIgK8G33nqD1urAvnptRUKBXI/hr6tt3LlzdyiUJoTSGpjRNL3MVFtbLqQOBgOpMj1CwzTHnj70lttmXTxjcp/eEWBRVR5789Vl77+z2nFsIq0dzVydkxkRAM0tyVayNm4syc/NGTa8EAUxEwsSQm/4enNF+cFIuujTNzccxpqquubGGDMKIZJJLTC0e2f1oRK7pdXYsb3+gV+/DJwo6pYfCfgloiAMeD1+DzLbjmMBoBRSSimEtGyLiFtaYn/449OTJ5531lkX/vGPT5SXVxERETu2Xrx42bKlq+tr2556cslPrnt6/96Sn/xk3MiRnbdu27Fh3c5EgoQQgoWVYNcTm6aaOHHCLbfcGIvFn376mUOHDgECEVF7dv1vaPo/Zych9c3fVANiWzSWFs5IT89ETCUO2uuBoeNCmTkYDFx++aULF66oOFb7yMMvZGRmVFfXINtjRw8MhbTjKCE0gPn2m/NuvnHW4EFDgoHAF6vXrxqzORQWCz76aODAvlde+X0pkZEADQQpUB05UvXGW5+w0TsWVxPG93vsP65IS4/s2lVta2EwCKUddqRUHiVZAwIKIdPDQa2d1tao4zB5ydL06WfLf/XLX91x220AxpNPvJWd2aV7Yfb9D9wc8IIAMBwbOEZkMRETmqZL/2hAv175uV1mv/55OLipe3GaRGkqNCRZibjbNYJApIGRiCwhyOsziBjYbYYHFJyd6//94/e8+87issPxNStL9u0+sHz5V9f8eLLpDcUSzUQNF88cs+fg4XjcqGvCFSu3Dxs4NBhMOsmoMsjBJNpGVWVjeiRj0KCuOfnS4yXW7NiAKBxiIQ3t5Ozb7zz0yIJe/Xof3L195+5Kn883enSvtDQ/aVKGbGqsqa2pQpBKGe4QnvZaOWlZvGDB4qeffLm5uQ2B//KXF9LSIjfdNEsIXLLk01/94hFldA6Hu5999sAnnpp1260/f/7lx4BRiUAwkHHrHddefvn0tmjb888/e9HFMwYNGqi1YxjirLPO+N45Z65atWbBgk9uv+NmYFRSnpR+lpOQbGRmQLfFG6ykHQ6nRSJpAN+U+UN76OAuQWYi4uEjhl95zaVCJiurSnfv+rqh8fDgwT3OPXeknYz5PGAayJx85513lq9YMeC07udPO2PHjk333HPnLTfe8ubrb5bsLzGU121IsS3rizW7br315e9f9sfNW/Y31Kz7waW9Zs06IxQOCMHKACKPlQxUVlJrm1Fe0bJr76HSI8ccTdrhs743srBz50Olhw4cPCqUaokm16xZr0Rg3962hx+ZPXzEgH3713TtmmdIV6IBhQLBsRJxZm5piSbiVjKZRMROnTInjB69eeOepZ+tJsfSjlVUlDfljDErln/e3NxKoEEAAZNGBNW1sHN+XpYUBEBCSgY2DNM0ZDAIV8yaeuPtUx99YtbgEYWxRIulyUGMOfUsYeL3Ok+9cFhtTXzT1/GqiqYuhZGsbJAy4fOjEJ7aen2ssq53775Tpw3vUeRJS/cwAkrTYdAArW1J2/aCTN9X0rxhU8WO3bWWHTzzrPOmnj9eKkIBzHDsWHnJgX0oPFIqcDUKt5YcpGXrDRs2NTQ29u7Tf9iIUS2t1r59R5IJqq5qnjNnA8JpNZUNZ57Z5Z57fxQMhW1bNNRbjU12bX1zeUXtU0++unPnobra5ldeeXXHjp0AIAQS69y83JtuujE9PX3+/I/27D7gtmvgCZZxAMBJCwoBNGutdVVNpZDk83sAAECmSv/bKwVTbRsIiCIt7L/+uqvqa+MbN+0yvWZ2duYvf3FDp06ZCh1pOD6vQrQME03T8HrlDTdcvXrNqrIjB1lbffr0Of/8aVpT0nI2biiZN2/duvUHRo4oevO1W7Zu3XTX3R8g2gBSopdIM4AS3uZG7z13vDlqVM91G5fs27Mu6JezZz8/fuzokaOKevUsXLlq5ey35sWiM1euXr1l49HCrmPGjD3t8h9M3rzpgANaShQpHcqtoGDbiiOCZdm2Q6bhFSgiYbOoKNfrpXg8Gggon2n4vUbngowvVq2orq7LyU23bAtZVVU2x2KxiRMnDBw0IGnFDMPjOGTZ1rZtO1tbY1POOF0IimR40yK+oSML166pYRCgOBqLnT55Qr8hOUku27Vh683Ltnbr4R01qthOtGZkmp07Zyshysoq9uw7kpXTr7SsLZ5ItLUJxmBFVUvSYSWwrS0OiLbjeDxB2/JaltFvwIBfPXhjbj5JlZrDYzlxK5FENA3DBCBABSDag/2UFxo3ftiNt1x/6//5ZXNr4rHHP/h82ZZQIFlyeKVtJx0yQIpwWtjjDQXCOZMmTTIMo7SksrKypLUtFsmQBI7H9CEKIi0EEjnjx48dPmzkkiVLt2/fNXBw32TCQgPFCYt3J045EF1BgTkej23fvo3BCgQ8qdXG7gg55FQVPLarIpy0YsXFXX/38C+OVVZJCZlZOenpfikYWQlBU6eeVVqyf8jw0ZOnTNLk9OzV7Wf33Pn112uDQd/5503r3qNo7rwvX3zh80Q8OW580Zx37i7onGPbySVLqkLhQCicprUmAilBoG3rRobkvt2tu3evsOw6U+mGhspDBw+NHzMa0Tnre2O379z+xuvzv1xzIJyeRtq++sqJV131PSE0E7HmivIKbduGMlCwEEg6YXqQyE7atnZscqc8kdW/X5eCLqGm5sqAz8MEANrv9VZW1Mx9b16vXneiMJqao88+89KxY6VdCi9ERqkM0qAMcais/P77Hzp6pG7uB+91699JE5imSlptDsc0aAnoUWn+kDcj4pWE7FjJ1ra0UH5BgbemIh4ImLm52QR0rMyqrInFnNgrr61Dx6ypT2OZ/Gz5xnOnD8tIM8orjias6jGjx0+dOeHzZdv2b65XWRmAUQMDyIxCIBAQgZCIyvAoFqg1Y0o70kpK0zSllF+t3TxwyLYB/cd+vXZPt67Jd2bf/ee/vLpkqRfQ3LP/SG1NNDvHx0xFxd3+8Kf78goiixfu+dUvf8noQZEOHHAnPXCqU12bpmfmZTPXfLH2i7VfnTP1zIxI6KSM2jsJiRVgiUDMZDt2XU1VMGhGIhFGcAve3f3LjRrd7Kg7kEBJDxFnZQezcooBCFForQWSQCCmIYMHPvofv/f5fQG/T0oI+j0zZ04977zJUsivvjrw/Usf1Q6ec07vG244NysrE1ERkcfjOfucs/qd1qdPr15a20K5nVE8dnT35laykiBV2EpkJZPN0agvMysdhKMdnn7BmRs37jl8pKmhtqa+rvzGm668+KJpwBpBtsWjjpU8cuhAIpHwBRQD2ToplBMMScNUyUSCha0MicgARo+ivE754R3barSdFIjAPG7CqILOBXPeX5BX0Km4V9GaVV+9+cZbOTlZY8aMUIYkzQgMyBnp2d2L+m7fuWzBJ2t+3GOG16esJLe0RA1FhgCyQQlpCFAswCGgBDtNPk+OP6BIQygYCAZD0RbYurnUTlg+n8Ga26KtyjA9nsxkQjgJR4R9tbXVNtVOOavTD68oNGXjptXLSg4cXrZ4U9GscUJoCcpV3oBIIEsBAtybYmAARsOQ48aO/HDe0uZmfObPCwYPKZoz99f5ndJKS6u2bi9Ni2Q5BJu37T5y9FheXh8EEY871TXNKIxDJeVCKo9XxhNtALZSEjHVr2UYBrHTuSA/EAzOnTfvxz++KnPoaawJT1S1OzlBYTuhAEREv8+TlhZpn4TLzBpRuplSgFQ5LJHbd00oOtortEBi1oSgSXtMIycnXWsAYCEMIggFg6UHa3/36LzSww3Tzxt0++3TfH4DkRkIgaQURFzUo1vPnkXMmtlBIRFFt65d3n33KYcgYYHPA9GoVVdX3dJc36dPUSIZW7Vq2+uvLQ8EMyZOyI7H8seOH3feeROZLABmQiEgLy+rsGt+KrBlbG1tAUoOHNQvPT299GBpNNqUTCaYbGX6giEPYgKgrS1WLxW3tcWKiorGnz7upZdn33XXfQI1kyCiCeNH9OrZvX0UpaMdOxQKn3HmGR8vXP7s86+k5WSdc+7kN994e8lnK4q6ZyJoTXSs4rCpWAkRifgiGf6qynLDINLc0twsBHi8ZsmBmkULl5NtVZRtL+6ZFgqr3r1C678si7UEmBzSZFkJIa2sdBn20uAB6T2L/JvX7/567dc/uHR0TpbhJECgI1UK1MAMJNzaIwBQUpUfrdyxs6GgYGx9fcmevQvr27pdsGnoBfkTtm/etXrF5htuvznaFn3t5eebW6NW0lZSlpdV/uyu36elBVYsXd+7X/dAONTa2oCIjqOZWRmm1lprMkzVqVP+0KFDP/xwfllZ+eBBAwwl3Am//9Z6aEitZDiu0JCZ3DSKJo0AbtihNQODQGEnbGmo9s5aAncSKbCQSCQA0DQMYo0CDCFdOedoWfUjv3tv3fojkyb2fv7Zn0YiQQCUkjU5UgoizUREqZhCSAQwMDWVAgCFIjtoshKGlEZGeqFt5y/6ZNVbb32ZkRG+444ZI0cOZCAhBCOzw1J6iRwGPWzogLfefKVTQW5mVhoiMePoMSPvve+eiy68IOD3FRYW3HX37b179jY9XmLH5zemTZuyefPyvE5hIcjn8xHhxRfPWLlibcmhEibtMeXkKWc+9Mhv0zMjUgBpLRBQeBj1xMkjzpo65d3Zix/8zZ8+nPv5uq83CLbGjDvd60+z7fi2LWs7FXSWyNlZ4R5F6ft21/fqWWh6fOXHamLJpGZ2LDx67MDAQd1+fP2MadPPzc7lPTsa777jL5WVBxOxVsNI9/m9yIwOB1CM6N/p/LOH7Nm+cfP67V+u2TbtgpEgSUrhkAZgRBISiAgFgubyYzV/eWrBmi92T5hQvGDBb7fu3PWXPz/7+edfLV/xxffOm3SsvhVN2bd3TtLK9voigEJ6pJQiGXO2bChxnGSngi533n1zr95dVi49qB12bAIAx7GlVFJKTZSXmzN8+OB5H8xdtWrF2WdOVEH/32vD/efspHho7sjVMaPjaK21R3iSiWRJycHcnNzM7AwmSCbsttZoRkZEAAIBp2aAI7Bbh8sACCQYQDMI6Q6z0slk8r05Xz755Cfdu2d9NP9nnTtntxeGuCW7bt8EMZNUBqeGNiGCcNOxQhCAI6QQQmoNCHhgf/kjv3/N4/Hdc9eFo8YO0g4DgHYcVAKQlTIA3EYNzsgMRiIDAJBZu03L/fr1vfuuQr/fB0AZ6ZErfvgDIYQUihg8Hpw58/xgECeMHy8lAJKUYujQ/g8+9Ku5H3zQ2trYq2evq6+6qqhHIaa6S9w6RBYCQiHfddf9qOxwzVdf7Vi1fFVaODJ5yphLZp7n9XmsZFtDw7E+vbsLoFBAZWQgYHUgiNpy9uze0xqNlR6qPHY4kbQbz5067Uc/OlsIUkRd8kLF3X3795UBkeNo0jaCI4QlQJuKZswY/d6ctw8fObp+w7ZJk08L+A1buwVGDGgJZCKqOFb//AufLl267YJpQ99868Z5Hy5Yv3HzpCmnG6Z3z/6WxgbRXK9rK1rJ9r7z9hplOLYV19pGQCKVHsmdMHHSV19vyMnJPH3KEGWohoZWoYSQClLel9xJEkrJws4FwaB/6+bN0bZoIOA/8WqOkzHGABARhUC3azLo97uDfKLR2OOP/2XC+Ek/vOJSIXD9+q2rV6+49torC/Lz2/vV2c2juiKR1kDEACiVJA2GgVu277/+ulcMA+//9UXTLpigHa2U0dEuL4QgAsdxEFEZBqfmILI79sGdfZg6jEE7VFlZ/8EHKz5dvPkHl03+4Q/PFEJoB4QwgFkppZQEYK1BCCGFJHJsJwkspTSkcKcySAYIBDwIJISybTs13NF17A6khQPfn3mJUoLJBmQA8vvV1PMmTj5jFDAZSknpFYJcIgYo3boudhyJPGxI70cevvfzZassCyLh8Jlnj+/VuxPppM9jTJo4rkf3YmbyeaWSLcAN/Xp30U6spGR39dHS2W++U1JSpZ2qHt3TfV5CJHA8fp8jRANRI2uHNdXXljm6iSEmkAwlexTnnHPeyBde/GjdurV1DeempeULYSATcEwI+1h59WuvLvt63b6Lpg9f++UfpMH79pUu+mTx8hVrh48ckZ/XOSstAwlrG5o379huQ/2Xqz4BYFbxxsZ6yybLsk4b2OvXD1z35ydw9eq1TS214UhBWxsjGEr5gAWgBgAi7bqyvPy8nOzstraobdso0J2C8u8GNKbYs+M4lmW7gjwCm6a3rrbls8+WT7vgfMMwl36+ctv2zVdfe6WtHdMwEN1CxG861YQQtp08cuRoQUEBAl73k2e37Ki99JLBd94xA0ECo2F4jxwpmz//wxkzLuzUqVMyaVuWFU/EI2lhIVNDqJmZ2e2ro9QLRyeT1ty5q97/YHXf3p3nvn+/z+dxKZBbfqKUBKb2FgyhtYNIQqCSJiAwuRNtkIkAQQpmcP93gY6NwpFSMJB2EloDooGA5GjDMAiZHcfv9RCTFJKBGEhgagwkAAM4UiqyNZEeMqjbyGHFor0bkIClNFmZd9x2G2mBhJFw8I47fnLhBWeMGTdJeOC++246cPFEhzzDhyQyZ1193jmjDCFtxzENaSXj+QXh9EyjNdbo9faMJeokNnhNBlDE4PF6L73swqeefb6y0mcl46Qdwd5kMmYaSmLur37x7syZY75c9RgjAQomJyMju3Pn7nPen//7Rx/v3WvQ0cpjo8b0Zbu2dO+W8WP7XXXlrF07N7344qsNtQ3MDCKGRiwY0vf+7NrPPvvo/fcW/fjH127duo8pPdamE0ny+QytHSklMICAjIxIOBRwtGNZNvy/5uj9I3bCtRxuEgxSLNlxHL83IGVKTQwGA+VHyxzbcjSWH6vqd9qgjKxMlkDAIjVUlxBTI6oE8upVXz799JNjxsx45fW1gwb0WP35L0OhgHsiImKmPXt2P/PMMz16dC8oKEDExYuXfjBv/s9/fvegQf21ow3DJCJABtBuE4Qm58D+o488MlsZ8rlnbs/Pz3HbZ5j1uvXrkonElCmTiexUpborKQqpHRICNdkCJVFH233qiTMTopLKFStRSglITASopVJCILJMtekDGwqJGDk1jppBEwMQISpEoclGYMOQRA6xdmyWkom0VModVOc4kJYWYUImLQX07tm9d3F3YiSwR4/oPXpUX9Ly/zL3nuFVVdv/75hzrrV239nJTu+hJYQWQu/SpSkoKjbsHPXYwYZ67B31YKOo2I+FoqAoKEWagNJ7EhIgvWfX7L3XmnOO+2Lt8P/d+zz3zdXnnt96wZP2JJtkrDVH+X4/A5BzXdptzESHSTQ0K7vl1utHjxvWu6iHwsiC224s6pXTr38PCRIZIJDMzKTZl4+xW70up11waGpp2brtbHbueKvF/8VX9/bs2c1U3COAlNLldIwcMWzzpq0ff/iJ05GUn9vjqrmzz1ZdcHps995362UzJjQ19jtx7HBzY30sEpUy4uuo1phISEsEDO3YtmvUiCmVlQ3BEPvy6+90EXY5aUF+zsCBAymjjDC7zeZ2uxub60OhkGl8/6/3oc2YRkKYrgs9xp0Ol8mRYowC4RJjANKqWiya1re4L2VaNBqRjFotVNd1VdM4BykZomQU9+49frLMVV1/dNn7C8aNGwQQ51CZwEJCSCQSDQXDfl9ICNHR4d+w4adDh493+IKm9UNKROQESF19UyjU6XAkvPLK543NwcceuaqkpBelFBFQCgI0HApt/HFjQoJn/PgJsRjXNIUQRoDqurH3973tHb7LL58OAEBQ12PBQCQtzSuRIUohBFAz6SGESgCKSAydq1oclmWeV4AEpSAUCaGMEkponDAEhBBiFrGmvZdzvSs1YlSllAIIQiiTCJQoqoqEUAlIgFEKUgKAZJQw8wACUFVAgZqNUEoQVfPBwhQlNyc3PT2dMRWQTJs6aeyYERabioQRhQjDSEv1vvH6yzonhg733L38xKn6SZO6L3pofFZOdnZ2DqGMoMAuy6OmkekzJtfV1u75/U+b3Xn1VXMGDsjfv3J7Sf/8caOHKhTSUlKys5KaGy/okagUMYddo4CG3pngsVyoPFlbc0FRmCH1nbt3/fnnVkZjkyZd8vbbbyUlJZmqYwAQnMdiRryO+mvXXw3o/ynoNgxBqWK12ylhHFFVVZvNhigRZDQm+vcfOGrUiJ83blmx/P0pkyfeseBmT4KrouLCsaOnzpyuGD58qD8kVq+pZDLy1utXjblkgK5DedlZxrCgW66mUEXRpARz2sSoDQjG9Fh1dU12dl6SN41LQlAKqVs0JiVZ/v4nZWXNHUE298pL3rxlJgF50d4sQUqJus5jUZ5UkEQIqKpGCOVcEgqcy507d5eXn7106mRVYxLx2LHjGzZsXLRwYYLHSUFFKoESkHTfn4eTvPZu3fIRUFEUAkgpE1JQiiglIFBmdnPNmxIp65ICIKFUQURTU0WpgigVReVcmjwk81/oysQALg7PTGhpHA/HiGn2BqRKvMEvBKWUMgUlSgRV1QhQISRTqMtllxKFzglTKCWAnBHl3298v2dPxY3Xjfrgw3sRkDGKhHBDcG6ojHURDJASyM/NXLx4YXNLm6poKalOheG8q6YJOS0pwQ6CE4IPPPCPmM6dTtsNN16TlZGZkuJVFOWGG6/eu+9wVqYtN9d2vkpRNC/XQ5KzQCAUDIbT0tKkRAJESiCEMkb/V4y+zYOJUCYkSEIlYRJNaD4jRHq9XkIJl1hTUx2KdEYM/YNVnzU0tH797drR40YNHVSycvmqzz79UtexZ/G0QBD69rJt/e33QPBuQ7CNP21b/PhiiwU+/mTZ4NISbnBF0RCJbogOf4RLaRqVM7PTcvKyuOBVFZUtLa1FRb327Dz+x0GfEQt//vkLySnJwhDhzoDdblNVTUouJVCmJHgS7r33XqtNJXEuW3woj4gul0PTFMMwLFarlLSy8kJFZZUhOCEopQ4UUELNhabHHn26V2HOCy8+6U1OAbM3aTo3zIc0o2CWuKYO3ER9AgAQk/BpUg4BABE5l4xRXdctFouUoKrqxROJdHFvza+Me/sA4sUTmi2mODrapMBwQ79YIgNAvK0JglIAygQXTc2+pW+t2ft72S23jl/673+gIIAECBqGAYQwRs0ksGtRRjypdzhsBQ7TImQgYlZ2BpiCSiAEoF+/PubNefmsy5Q4WNC4/967br9NdzgShpQWGnyhwXksGomEQwlud3Z2hkROqRKLxaRExlRV+XtWe/0NfOi4OxKBUaaqqtVmI0BMpGfv3r2PHDnCJTlXXZ1XkFdRWTl8xKgxDy/a+OOPNdX1Jf36UqqOvWTyidMy4A+9/vr837Yeorscbo+nsSnw8itLne7EQKD18OETpaWllKmEkEAgHIlgeWU1MkvM0KNRw+WyWiz0xLETjz36ZFOjr1fRKE3RWpsOp6V7peTRSOyDD1ft/2PfxIkTbrnlpnCo8/e9+/x+/5jR45KTU1UNhJB6TLa1tQKFjMx0VdPcCS5VY5pm/n6pwUFR7HZHAgIjFIUkjJGy8rPnztUOHzFIVa2MaZwLSqhJKAU0TcNIiLlcUV5UG0qJiqJIs8lBgBDKOY/FdKvVUldXu2zZsmnTpo0ZMybOh/6//Xrx4nuEQjyUEeI/jIJuRDXVIiURApmimYYS2qXH71JkQIfP969/fff77tOLHpqy5LU7zJuTMAZg5hdEiduLzEGVIBQoUaWUUgpEc1OZBNBMy5uQ3PzvEDSJmVRKabVadV2nhFJKbaqmKAzQSE1xca4DIYQkAVIClBATtYodHb5gIEgpUZhC4srMvzQB/+tFoTlVQkUhF6ovdIbDaWlpJqNcobQgv7vV4TQMEYtGS4eU7N27r6iwcMTQvrUX6mIxnVLaGaHHK5Rhw7u5HcEkb0KCxzVz5uy+/ft+882PVrvzpZef+Wnj+sqqGt2QFoXGYnpLiy8cIWeranSDna9p8QUidrtDQfLn/oORiNPjzdL1tmXLX7985g1Wq8Nqt1XX1H722de+QOvpsvKx48eDFC+88OKpk+XLl690uZy9euUWFOSvXr3+vfeWW6zqspXv9+ye73A4CAEhOefIOT948DCldiGVxpZgZ9ifmJDgdjvqG5vaOnzDh49O8HgDgTBBUBPsiqKARG5IQqnpFTDpLYRQJIhAJUiBKKQAAAoUJeno8K3+du2UqZMIwR07dgwY0J9SKgQSQgklQnJGFTMsL8pv0XQkIyVmQkMAUSpMFZK0tflPnTqdmOjpU1zEGOkKDkRkZ8/WPPvid4cPnLvisr779z5vsdgIoQiSUJBSNxlAqkK5EBA/df/PBNdkqwIAIcSEFEspOeeaqnHOmcIAiRSSUoYoDCOmqgpKTinReUxhCiFUCF1VFUAwuKGqTHCklMZiUU21B0PBjg5fgseuaWoXlfQvZdJ/k3wUEVGWnykLhXx5ebmISCgxuMjPLwgHIiuXfWzEIkkJCfU1DZ+tWvXWG8vXrVmLiB+s3Pjr9oYJ43o89dT1uQW5TpeNSyM3vxtQUn72nM1qS/R4+xSX5mQXUMKAIKEkHDW83kzKrIhQU9Po8aRZFe3dt7/+6efKgaUDVyx/srhfT6A0JTUlIytX1eznzl+47robPvvsPzaH+7ftOw2B4XBnWlqa1WLftWtvU0t7Q1PTd+t/jMbY8eNVK1Z8ZBiGwlRKTMKnwoXe0eFvaQ79+NPehx584qq5N6xZt9EXiJ0/XyckV1Q1GOj8/LM1b7y59NChY4YRa2lt2b379/37/4hGY7EYb28LBoMRQohhSJ8vHOmUQhApIRrVhQAgpK2946uvvv7zz4OZmZnvvL104sQJnOuEgETJhUAkhuBCcCEMLgwpQQoESQRHc4B6UewoEdrafG+8sfSaa2548IFHDh06ygU3DM65OHqscuaMF66YsyTUVn7TjZkLH75KUSmCEEJybiLimZACCHJutjvNslUa3OCGEJIjGgBCSAPjrSYOIFWVoeSqooIEwc02l6k/owgCKCCgpqomdENTLSiBAFMVi5kuI0qLxUIISCF0I8YYU1X219X98LeIk0ySAQAJ+P2qgplZmWiWO4SkpqYEfMEVy1Y8+ND9CiOdofCx48erKs/abdYjB+t/2VKenxO5cs4gv9/f3u5DoIYQTLNFOo1QqHP7r9sWPvgE59E5sydSKhFkKNh54tSx/qWDUzNyIjHD4fCMGHHJ4SO1Kd5zLz53c5LXc7L8bGckLAE8ie6Bg0q4hF179lw268revYtmzrjM7kzwBYIZWdkP3vdARkb2b7t2ZmZlc4nDR426//6xDy96oq3Nb2b/Ukoar7iZQOVCdf2bSz9srDkBEFu3ZvOgQSNCoRBiDAnZuHHHa6++1+GrpUwp6t3jfHXtffc/kpqW8cabb+3cuef7737o3bvwhhvnVVWeW79hw4SJ42ZfMWPr1q07ftt95RVzR40aHNGNllZ/c3O7xWLtWzyAWRhlpLXFFwgGnQnOxMTEOKQLBCGEABOIFKgQoCjMJPUjAgKnVK08V7Np8w5VdVVVVR8+dKK4b68L5+rvundFc1Pw3runFOSPWPCPBWVnbfOume/xuBA5pQqY808EAhQlciE0pgAQKaELmA0ECBAZ3yQmhZkNmc9pQpn5JKu+cKG1rb2wqJfDYVcUKtGk5hHOOWOKRHObpBoPFInmoFQIbjZ/NI0xxjSLBn/Hzoq/nkOTuJiOEm4YmqY6bA7KFABEKSxWZrfbEDE9I01Vpd/f/tCD906eNPG3bYfefe/Xu+8Zv/mXb8z93s3NLSgRgEdjEVVhqsoARVNDm6qJ1LQUSkEK7vf5du7cMXXaTcnelKVvrKosq29t8Y8YlvzKq0+eOlX12OLHftq8ZfrMWYDE7/drFpUA2bplx7mqxkmTJnZ0+Pr2HdDeGkjPyJwyffzpE2dsNntyqosbOP/6m91JWmpKltl5iEZjiqIiUACKQIHaUlK7EZt61333C51vWLvzxuufBaDFRfNOH2/ojPr69i8OhVPLyivbfGFJLTV1LTHDsmzZl5999nlCQsKxY1Xr1m3p7AxEIu0tzaGGOvHd9xsqKg/s3LX732++Ew4HOvzh1tYOnz989Mjx4aOHNre1v/j8kq1btw4bOfTuu+4pKelVV9OYlZHMeaytpTkjM0U3lLrahtqautLSErfHKpFLCRKRc+JJSL9izs3Hjh2oqQ1Pm/l6W2P9G0vmT710mKGTVatWh8OaZrFLZKYXQ0qJBE2hmBnBmmY1HRimQ1sIqaoq57qiMEChG7qqqnHsL6A08TKSdLT73nvv/Z9//vnDVR8NHz40DjZAs4FjFpeUEODcIIRcrFwNbsTvCkI1zQqExZuq/3U9dPy2Q4ISEECzqDaHYq4MAgLckEneVEJpWloaAWLRlO498hrr295+f/OLL8zLyfH8ulnarNa21lZhcEqJbnRarA5Kua4H5l4z647b/+H1ejIzvcKQiqKEwr625tq0FPeFs5VNLYGsTPutt17V2HC+ta39rbf+3dLaOnnSZKfDbr6qcDAkhIxEYj//tGnnbzvsTltpyaDautpIZ5QASCIkdlJgqqIeKz+5/49D5VVlQ1P7RGJGRUVlvIZDRCmtNmffPgVHj/+5avm27t29ffsW3HbHjMOHD+zecfqzL3dNnthr6dsvt7a1LF26wucPNzS2FvXtd+edt505U5mXl7l48ZO/bN5SUdkU6dQIoX4/37rtQDTGcrMmaar1g5Xf3f3PeUWFvYv7Fje2NK9b/0P3Xj22b9+xbt330Whs/fqfBw8Z6fK41nzz7a03XR/0+3784eebbr6Oc23RosVnzpy5af6NixbdzTSkFCSAxaZlZHWLxbTKSnri+P733l1wyYR+UhBE6fPHfvllj65bhHB2BDqzIZkC8QUCQgi320kpYYwJgb6OgMPpMN/mnBMKEiVTTCAWUVVVSgQQlDBTuyOFJIgWm+Zw2CgFu90KAFxwSoi518bM0VFyQilj5lg7Pjfp6mkQ3TA6w7HERAWA/j+IF//frr9eFJqkM9OyQyghFo0gGoQwBKAMCov67v/jAKHCoqk2q+Wzj789dorceN2IadOG7tv7h5RcYbSm+nzAH7SqdiLA7wsQpA67s39R8ZhxfY2YwSg1TfCIMiuj4MD+SkLg993fv7/sFZfTGktKqqlraPf5nnnm6eSUtFNl5QpjCqNpqUkKRaum3XDd9SNHDiEUhg/t/9rr26ORKAAIqVtsDAF+27b7rbeW+wOx5uYmzTJISmxv73DYnYQwANIZjlWf7WhpOe9KdL+38s6CnNSPPvxWUYngsk+fnglu4/Tp85mZnkg0SKgaCOrVF2pHDB8+Y9bk1paWHj36vLN0varB+HHFl18x+cEHnxpQUjqgtF+PnvklA/rNnX3LH38G9Df+c+m0qaPHDPcH/bohmpvDmzfveOa5Zxsbm9as/S4jIysU1Dvag1LKcDjS2ubjnLz//if79x9MT09evWbdpZdOHDi4iHNDon7kUNXRI749u39yu9s//vTFIYOKpDT3wrCa2oajx854k3PtTkvUkAJJU1P70088E4mEFi58cGBpSTQa+2HDxg0bfnju+afy8wuAkO2/7aiurpk8eXJeXiYCdHbG2ts73G6X2+1CpBwx1Bm1aKrVwhx224I777h8zuzu3bsDIQQUBCLR5NozQEEoFVKYOkhT4885l1JqmoqSRDpjnZ0Rs5XZhWr/Lwe0KYtDQiAUCpkfRERKqJQGY0pWdlrpoP6FRT1VVcvOyt2wsbYzXBEMJSNgQ31DJNJp0dRoNOJ0OJ12pxDG1l9/WXDzPJfd+vRTjytUcbi0KVPGZmQkCy7fefvHgu4TR43M6tW7V139rsJeBdGIYCoNBIMud0KPHt1OnTnX3NxCkNhsFqfThig9bvecObNGjx5mDpIpCIUyAFAUVXBBiPxk1acD+pXcu/DO+Tc8kJubRwiNRCKFPXv6fcEXX/n88KHyRK967HhHRywkRaSxof7kyeOzZ0+kIF0O9eDBo4mJqhBcCNnY0NreGqytrnNYbZ+s/HH1f/7MyGZr1j31yUdf9OiRRwAHDiq9Y8HN3XpmxaJyz57DtfX118+/8ptvTg4eZmiaFgqFXU5P5dm6cNCYO3dWQ0NzWcXZ/PzcaEgQUAilArnVZo/F5OZftk2+9NKFD9275ttvGxubBe+1+pvdby39lRDudPjPnjl97cPze/fuKVFoiialRIRQOKpYrP37Dr1QfS4YCelcbty4Zc2aHxGjCZ6kZUMG7tt/4OVXXj9zpiIlNfmJJ58MBkKPP/5U1fnzM3fte/vt1xRV+/CDT779Zt3w4SNnzpw1sGRg2dmqz7/4LCsn/dqr5hTkZaqqpaCgu6pajx47c/bsuZzc3H59+nDDKCs/3atnd4fDZj59pQTDMDRNMwcIGDehcm6gQlX4O/KNvyGgzZ4qInKOfl+AUAWAUqpSIEApRz59+qQ+fXt2y881Yvqa78tcLnTZI6NHj3Q5HKlpqZdddllaenp6euPoUUMTPDZvkr2l6TwXoeysJN0IPPXU4zNnTZ512ZiDB06+8NJX3fK8J098Pv/m5xLctry89Lz83OMnyhmj4VDozOnTL7245NDhI4nepKkTJ7Q2N+37/fdBpX0R+M8//ZCa4o7EQqWlJQQkoiASQsFOQoAS1DRL6aABHo/TYlWKexcRiZFwpKklctvtr8yYOfyxx2949ImluQU5je3VQKChoaGupp5IIqVhc9BwBPr2s1FChS6RA0G2d+8ZhvbHHh/dNiXP52tSlVgg0ISYoeu6y+3o3ivnyKEzH6/6fPvWbZGw3rOwUMqTbe0+i0WNdkaTk1PPVdYEAiFKic2m2TSNAWlsbAmHw4wSQmmCJynGicFx6pRLnW7ngJIBh47XP/vS4rRk+4r3b2toal/00BtASM/u3a1WCwGOSIBQKfHkyZNZOek33nz119+uoQpraev4+JMv3QleINGKikrBxW/bf2/vCHkSvZt+2XHt9TcfPXKsvSOYl9t9z+59tbXN0Vj0P199d+Z0xfHjVT//vH3QwBG1DXUHDu9TFeJN9N4y/+offviZUnbp9EvffOOdtWvXT7102gMPPLRh/dqdO7cOGzr47rv/Udyn1+HDJ1Z/842i0Ntuuy07J5uSeFuxszMc03VXgkdVVSDirwfk3+ApBORIQEjgiJRakRAAswanCiW52anZmcmE0nsefN+qae/++wEujKLCQkLJqFHDhw4d5HQ5x44eCkCsFq1794Kpkyd5k1JmTr/0wP4b2jpaJk2cuPCBD4wof//dB4Ohjkj0XI/8bh6PZ95VVyUmevJy0xVF4Vy3aLDqwxVC4PDhw/1tHR3tLYcO/QmwYN68K1599fV9+3eNHDliwID+QnKLRgGhvbklEg4RZKGI7+dNP3Ihm+rPG5GgrhuhaNLJ000rVz6cmp5U19guRSwtw6oLsFmtbbrutNvsdlckGtu7r05RY/0HFiBCLMY5upa8+WV9Xc3sOeOGj+izfdtaTRXBQDTcGfWmeoVARlSFGB+t/KTsVFm3goK21oivLeRwWFweOyGSESU5KbXuQrse1lUmQaAe1fVYtMPXHO3sRIm+QFS1e3QkAtjStz9Y9UlyS4uiKrFvvlqcl5fR3t750svLa2trFQabf9qbkZ48fnyJaqMAKIXYvn2b1YLZOUmpqUlckMbGDkMXr73y6oX6yiMHD0ejsqKyZe68m3ML0nbv3KPYHVUXmu9YsGDo0MHfbdhEFMuFqlqbK3n+rSM3/bhDN4ztv+0TaIwdO7bmQt2p0+d8Yb3iXLXb5fIHwufO1+sx8HpT9+w58tlnGxRL9MKa7y6ZNKFncY/1G355771VQnQC0ocfXmi3WxkjKIhuGAKiVLOIuO6SAPlLnY6/pctBCcQX2rncCYqiIDH74xKRAgHG6KuvfrvvwNnVXy3sGV81IgENm12xE5USkpjoQkSUYvbsGTNmTLHbHVLSpUuXfP/9ts++2HbPP+dcOm2opqmIia8vedVqtVJCC7rlI8qC/FxKqa7Hnnv26e+/W49IevTokZ6eMm7cGLvdiohTL5361ddfVVWem3XZTEWhvXsXWq02IMi54U1MJIQWFxWtWvXppp9/ikSN337b8f36wwFf2xWzR3iT3IDc528PhToArE6nxWG3UUqSkpIURWtqbK2u1Z995vpvVn95+GBjRUVjXoFr8RMPjRg2jMAYVSESOaFESml3ONJSM/zhkCEMQBrrjLz0yuI+/YoWLXpz/bp9SYkMCBKgjFGHzWqzWZlCCVAjxoXBI9GgI0Gz2DSg5PCR01y4YnoMhbO9Q2uubxCy/IUXFnfvnkUIO3r0+OEjR2ZcNulsWfOmzVv9gQt9+i7JzUmhlARD4eam9rLyxpee+2DPvj/S0nMKe6bYnZ4JU0aHI/0G9O17oaYxpsemTZ9YOrR4woQxquI6W1F3/fUzS0oH7P3zuC8YUCza+AmX3nP3VdOnzOCG+HXzzvaO1pdee+yHH7f856vVDQ1thFqEZApTCVjGT5zw0MMP7tx5YPpls4YM7f/ll/8JhGhbmzx1qq5HYUltTdnqdWsvu3xmyYD+UnZxHgE0VTG7IvGI/i8GNOlij8ZiRjgcSUjwEKqYbJWu1ysqKuq+Xr3vofum9+qZTQhKKRWVAgFVYRIlopAoFaYQhckYs9kUKWVLc9tDi1aA1D/55NHMzBRzGiyEcDhsQgiJkhBQVcUc6lqt2qhRw8eNGw1AAFBwfPrpf+lGNCnJ43Y733hjSW1t3ZAhpYrCbpx/vdvt4twYN27M4MGDrBbLP+9e0NHR7vMF2tt8x4/Wer0pw4fm9O3fW1EpEKFQYtEwEgk6nYrFqlAKTJEdHa3HjtXbErp/tGp3RbmwWPb4Q81XXn1/UpIDMWazKNFopKWlKTU1JaZHg0GfqmrBYCejlMckRWBEralrbqxrbWmXjy2ec/LknwAs0BEURiw3J9PhtAmOPl/Yk+At6tWtsS3g8iQiJWcqynkka+1Xb+oxMWv6gJKB2XYbjBwxCiUjjPh8gf4Der782sPff3P0icVPU2ozZbSE0oA/HOkUHW3BXzdv14W8cL4jKdEV04lmo86ExLycUT/9vKuhqQ6J0CyyW7ec/ftOnDlT+fyzb3XrkV1x7uygoSUI9OfNv1KILrh9rsedGOxobW5ty8xILijIstvsDS0tER0TPE5fQI9E9fsX3pOenWSI2LCRpbNnT6yr82/59UhWZsmJk62PPvp4LNZ04MD2tLQURMkok0AMQwCQ3r0LnU4HIJD/9xWG/z8FNMSpkSQQCNTX1/fp04cpLL53BRAAGWVL3vwuJyPh2msuMfViccwuEi4FJZQAoYSZ1hVV1aTE9Rt2L/33uuuuHXvb7TNUVQGCjBIC5ups8j9WBQsAgigppfGFx+aiO8YSPE5EOyFE07RBg0pLSweaN15KSrIZ9AkJCQmeBClEWnrKU08+qhviu3XbXn/pg6vnjp5/89XuhARTjJGVmXnT/HmK6qZUFuRlE12/8y5vdo63qDC5tc1YcOdlv+3c9N47m/MLek2aNMrhoH2Le+TmZiIaisKsVgsiD4Z8hGF5eVm0M2izylC4+bWXlhqStnc4rppbyqXR2NQUDkW44GlpXkod4bB/7ZrN+/YfbGpoY5T6/e0tLW2vvfLtnm1tmen81bfuemTh40OGlFx55SWaKqUAQggQ1I1ORUUCWNS7V0pqktWmJSY6EbgQSkNDkx6LjR03LC0z//d9RzrDwc6wUJidMAZUSIBQOOAP+FCCQjXBlVDI19HW7OvwUQJZmWnJyQ6H25Oa5l62/L3GuoqHFy1SNJKW5tQUdNmdCEYkGovG0GKxccEBidtlD4cif+w7cvToydMnK/fs/gMlbW6qb6ivPXH85PXXzxg/vjQlLY0pigQwx5lAWHFxkd1mRRT//aLQZAoRgh0dHXV1dWPHjlNUBeLbQoEg/vTzvqNHa5e8dr25QZEQwrmOCIqiSSGYyrpakwQAa2oaH3/yU0bk1988mZmRDIRfdCuaX0ZIfKspxjHxcRXyxW2n5tdf3P5rqlu7VGtmV4hwLlSVSCkopapKcvOyAGmf4h4paTm9+/ZOTU9BQQiRKIXDah8/bjSCyhQkaBQV9erTt4hS8tIriy0Wq2a15XdPzshMz0zLKu5dgGh89NGyjMx0t9t17733IGJGRtr8m67Ly88dVDqgpC+lhE2aOGHJG0uz8y+trf61szMdZdLRoweOHT9y7lyFx5M0ZPAIIJHHFi+OdBrDh42KRo3fd9f8vidIcVdza9mUGTfm5SchxF559YWTJ3akpDivv26+N8VDJAUgp08dPXu26tyFDl1vB0gFgkIITbHu3ft7INC09J2Xivr2XPnhhv1/nmmoTySUUsrOnau2WbSEhKRwKPLlZ2trqqpLBpZqzOpyWuZfd8vV11yenOb2pNoEsdx33x0PVJStW7NlzMipwUCboXOQEI2EggFDCrW1zde3j8a5tNssHrc90N5x+M9DZ8rLKyuPA4e5V8/r2TMrMdG26qMPTp3cff8Dt/QoyDM5sUKKmK6DFG6nQ0pJFdq1hf2/F9AApqAAA4GAz9fh9SZRyqQQjJrBhx98+Ft2lmPkyGKTNAAAqmoxDC54fCW9mYQYhlj2/tr1G/+48doJ82+ZpiiMEhACKDO3ADIE8xvGJTOMMik4oabPNH5ImVIERDTtHlJKRVEMwzBXlZH46lJUVSZRmPeiopjTLJg0ZejCR+Z98+3u06fqH140HyWYrG+FUAJxBLKqKUIaANThsCuKKlAW5OXfc/cCKUBKXVG00kEDBJdARO/evTVNE9KYPHkCoZYxY4YQQXQe7tNvQGbelGuuKO3Ra1p+twKr28757Tm5md275VJC09NSr7jqsiVvvBeJGj4/mTXnlZQUW4KzrrLylGpRs7ISPC7HyJGDP1yxrOzM71OnjFuw4A5CJAL1er2tLR0P3P+Iv0P3BRqi0axQMOx2JUuJdbUXQuFmb7LN7dZ6Febt2rO/qvJsa0vjl1+s3rd3T0lJcW52r9aW9p3b9+/atu+ee+8YM25kVnrKrFmXlAwo4GgYqO7cubtHYZ9XXn7ltvn/FEh0HdraWhBp9fnmjLQ0tyuxqaGVMUVhJDsrPdnrCYaiwpDJSQlIQoWFhdddN7NHj9RRI/r/trV566+/ut20X5/i1PQUicg5j0ajCETTVFMg9den33+9KDSxGxjrDKOM2Ww2jVFCKRCQUhz4s6yuse2lZ6/VNIsZUqYgRo/pTFElCAp2yvjp0zWLn/rEbocvPn80IyMZEECiQEkokeYap3iOISUio4zGlx5QQDBB3JTGfX7mlMfscZphbc5UTYxxvGsOBAgDFIAE4ztwhaqym26ZeeON0wAIUIESJCISSZAyCpxLIAwpAEFCQFVV86wQgnODUYqMIUoQyE1FJ2OqEJIQRgAkj0oEALpixbavv/3t4xX39izMBUYkAko5/9prKQVzISVKNv/6Gzs67N9+sy/SGV6+/JbCou47d+5ua23r1rN7Ue8eCQnaE4/e19Z43uCd9913l9VuRUAp5IgRQ6+55prVq7/Pys7u02eQponamtrs7LRQKGBw3rNHd6fdrlJNITwW9o8cMvTgHz8/tfjpBLdt1sypeXnZedlZgquapjEF01M9ScnaBx+trK+f0bNnYVZB9jtvvVvcZ8igIaWU2FCCzeEu37vvyOGKPbv/KMjt7nFqnYFWRVIe1R02m9thC4fCFk0+9ti9k6aMUFWWlZ0Wi4X/cefVt95yxVtvLPtz/9GamvqUFC8FhQAVwIFRl9tNAAEFwF9VRf8dKDAKiIQxBRCkRMGRMQmMEAKrPt2qqGT4iD4XZdOc488bt2zfsZ1S6nY7Z82c++uWg79sPTbvqiE33XyZxWI5f6FK0ywZaencENGorlk0QKCUqpqCKJlCEREkUsYEl4hIGEVEwxCKwgxDdK2YjnsfpJTmc7orGwHEuIgYgXUtL4v386mpCCYEpTD7/AgSCEEkXesoEagUkjCqAGEEkDEkQKUwCANCCKUMpZQIcZoCMTVoTBjGCy+s/mN/2VefPZKbmyJBAgIFigRUMxdGNHTx0utrv/vuj+LCtNEjPHW1/sKibLfbMnPGBARgTGEqQRSZGd7Xlrygxzpz87LAPJ2QOOzWhQvvHjVqaE5uTmpqclNjc2FhD0S0Wi2zZs2YNWtGWloKY7K4d+6CO64ZMGCQ31/5yaoVJSUDB/Qrys3Jmz5t/I8bNufnZvXrm+/1OlJSEj/99LOt27Y+8MCDdxff0S0v97NPPvzxB096enL37hkNDWLP3h1ti5uPHy+7+ZZ/cB6ORtqARMJhP5AYUul0KWkZbkAjPSWNC0GBHj104ODBE3OvmNuvf5+q82fiumoCnBvRaAyktFk1QDTP2/+6liMuVPF4EtwebzQSMd2pUqLg/EK1f+jQQofTLkGY/UWf37fyww+3bt3CmKpa3L/9Vm93uaZMzhciSAkhBF5/7Q2fL/Dmm0vuueeBg38cttmtlJIRI4Y9+ujDBd3yI52dqmqhhBpRfevWrSmpKYMGlyACY6ylpR0RPR6PqjLT8aEoivmG2STpytTjFwFKKJrbhYFIAgSRSilN2DcAAEUCDCUCYhflmjKqIFDz4WoyWTRViUV1q6KhxM7OsN1uZ0y5mN5IScor6hf/68vsNMe6NY873TYaJ22h6cwihERj/JVX1m748VC3/MRPP7yz34C8hx58rDPWLqVBiUEZA0IZAyk5pYDEyMvN6BqqEUDCCFEsJCsrfe7cmeavontBLiJK5IqiTJ062SygKYjiwvyePbsB4mMP//PK2RMLuuWkp6cJwSdPGanroYceWpiWZmVMXnfdvG3bt7W1tyV5PVarNnbMqO++33Ch8vQ99z4ydGjfc+edefmZ27dtysnrMXxEf7+/Tdf9FKKxWIApglBMSfMMHFT04ktPvfPOkunTZzzx5KO1tbXPP/fs559+XlfXNHfu7B49e5gr7f0Bf211DWMqpQQBTG/8X9RD/w1aDgBAhOyczAH9+5eXn4lFIxbNISWvqWkMdcaGlvYkBAEpSg6ERCKdNbXV18+/8YrZ1/779XWBaNttC2Y1NNRKpKqqEAKBQMhisccMOFNeRZhqd7jq6qp37d41Y+a0bt3zVVVVFCoFqKqy7rvvWttaV65clpTkra9reuqpfw0ZMvT2O27tMmsQIWRLS+u6dd/PmDE9Ly8Hulx6aKpkunqOEqWpoQQSdwGC+WnsugO6CkpEEIIAEEapYQgESinVY7rNZuOCU6JoViqQE0nNXRzc4B+t2vj1NzvvWDDtunkT44A/QEBzHTxUX2h85/1Nm7Yc6t87Y9WHdw4Y0AtRqirp1q3AYXdbLFZCGFPUrj3qrOucMel55CLVFWR8lw2lIKUghBFKKFIAIqU07SGAYPAooQogS01JTE0dDsiFFIzSoUNKEj2unJwkygxEMmLkkI9XfegPhgYPHSwETpx4yaKF9xKCV191jcJ4fkHmrbfN93qTRo0aM3HCyM5o6OUXnxk5fGQgGIhExtqsdlXDIYMHfLfW2dHRkZOd7XTYRwwf2r1b3rnzZ3t2L1rwj1tsFotZ7OgxHgyGbVYbjS+T+stku7/DJBv3tHmTEnv26Hb06OGAL5CY4JKS7N9fFuPCm2hDNKnApkhasdndTnvu+0t/WHDv5YdOVER0lVCH3W5BlIDU4XAWFw8wDBrR5YMLHxw+fOjZijOMYemggXFenowHpq7r4XDYMDggOXbs+PbtO6dNm0ZNKAyh3OBMoW2tHVt+3TJq1KicnCxEvOg/BQAARJRAZNx+BKa5uiuiTZNJ105IQkxPKwaDOiHocjkVhXHOjRjXNBWRUMIAiKJQIXQEgoj79p/8+ONNFoV++vGinLxUAEmoid8EQHL0aOXKlZt+31s+Z/aw1V8+XFiYSykAECkJ53LevHmcC5fLbb7YeMEUF4CZhnCzhJJgroEEs1lEEIEbumHE7A6L+S4hYEY5AFUUBZACoVIKREEICAEWi+bxKP37F5uPRiklJXTwkFKJRNUUwYUnMeHOO+8gBDRNEVJqKr32mmumTZ1mtdo0jdgsrlmzpls1e4rhzc/P1zQNQb/kknEvvPBsc3Pb7MuvtFq1zMy0N99ccvTYkV49iwYO7AuAXWATSqnKCGXUPND+FwQ0oxSBci4URcnLyd25c5vfF4CcbEKgrT3ICOldnEcpCGEolBCgfn+EsR7HjzUu/2hRXo+smia/y51SfrosKyP/IvEyv6BAFwKIOnbc6OLiwpLSvgpBBImIjJpeVBKJRHU9hoiapgkpzeC22myMgQQajUStVqvZIUlI8Njt9q4CEQAATK8piDibsKu4jot3TROeqX1HU04oFEUhBBWF/rB+04Waqrvuus3lclBQftv2myHErMtmSCSnT5+ORMMDBvQ5c/r8ypVb231t999z+bBhfShDs4uJiFLwLb8e+eDDX06fvnDtvNGbNj2TmpJoblMVwjBJGJSyjIx0KQUiEmLueedmNCOgkEAI4VIwQigFKQ3GmBQGIYqUeMftb54sa7ZC+5Yd76mqCqbuGaDrZiBcoJTC9HRLlKqi6jFBiGSMMcaEWSFLwRRGkKAkkoDGFDNtk8gpVbmuWyxWb5IXUVpURUpuWgGoAlRhgKBSNdGdMGfObMYUzoFQiSjGjBkzduwIiUQIISX/H9kgijjyKi5F/osB+ZdzaEBEM8ODESOHrFm3euu2LQNKiqWg5863SknOV9Xl5qUQULgwDvx5+omnvgj4OjJ7206ePrdt9xHVkpielVJ+tmzU6EIAhRChKqqiqTZNVST+uW9fdmaKolCLplitNgQAoIhIGYQjkc6IITgNdiKw6C9b9nbGiAS1pq7x+/Ubzp4pmzh+wpRpEwzAA4dOfPTRx6NGjxo3bqzTaWtra6+urk1NTU1PT7ZalFBI12OGlJwxC1CpaardZhFcEgqAVOdRRdEIUYWQQghFISdOHD1bWWHoNxEKBo8ePnJ0z54/R48ZxwV/7JEnamvPj5lw5/Hj5+fMKrnjtpvtToVQA5FKJFLi99/v/eCj32pqmm+5eex779+ZmpxICAGT8iclRRNvAlzqFBghlBLa1URSJBqEEEIYEJRSECYk1wgBYuriIW5ej4QDxOh47e37AEAIA4AhAkqzmwlCSEKIohBCqOCEUIIQtwlSSgEoBWFSogGAEkTkFkoRhcIIMAbAAFAAoSAYRXN3sFlLG1xXFJVzThkKBMIIRYaIjJnWAQvQKBDCCCHAEBUAUBQlEPQ3NdYSkEKilMjY/4KABoCLOK/cvGyvN/HggYPBYKfNpqkas1hpUe9cs8Xx1dfbV37w0803zXju2ee2bCk7caaqtqbumvkL+vbLYyqz2txcSEoJ50KhhBBOKX/xxZd/+XWzosAl48bcdtttXYksASAd/lBrWzAaE41NfgHGgSPHKUv0hcI7dh/4+uu1oUBHTU1TyZBSwSEUinz//cZPP//P888/O+3SKe++++7evXuzs3MXLXxoYGnfLz5fs3vX3misMz0jKxjsGDx44E3zb3A4bOFw54E/D507d27SpIkZGRlCGh3tHf5AKBiMpqVlqarGGDV0IgR1OpOltOzeta+pRXF7ptXXNq5acU+3blmEUAQhZSwajWzefOyTT7c3N/luueWSq68e53Y5JCKipIwaBmeMEiQIVEqdMsooi1u1JRIa9+rFzd8Iba3tfn/A6010u1REQSURkgCY68jw8//8y+QDckOoGpMSESVjGpccJMa/D0rzzhFcmh5nc2JF4qAPcvFvGp94kYu9YbMSZQjS7JMqikK6UoeL7X+zp0QpNX+K+SmIMxrN1gCaH9F1PRwOZWVl2h12RLjIXP4rsfg3FIXYRaZzuZzjx1+ybNny3bt3T506sVf3rG3bz1ZXtyYmuf/1zOcHD5W//e87gWqKBhOnjC8qLt61549gwBcKB0JRv2ZnkoAEyrm02SzhYBCkzM/P7+zsNPTOhoaGaDRqs9nMyoxLrK1trm/s6Naj2BcwktJsk6bOpGxPY3NnRmbisuXL/L6O5595sbq2VmG2kSNH/+Pu219/fcme3/eNGTvG4Uh48IFF77zz7rFjp/r1L/7ppy1/7D9ktTqaW3cWFuWfKStLTPTOvfKyHzds+vCjD30+X1tbx91333mmvGzJkjdPnij3tXfOuWImZWZ9pgJYJFd++eXwv99aL2Xygw9Omzp1mMK0M2fO+32BnNzML77c/vPmwxZNu+vOKaNHF3m9SVJyxigDioiCc8oIAhoGJ4RQSjiXQAglFBTCuUEVwiiTEimlKElTY+tbb7+7bduumTNm3nXX7R63s76u+cjx4+kZKaWDBgipq0wN+AMdHT6Xy53gcTNK4jhJSQlIQuIMKkRQVYuUiNIEvZoGddrFDIm3OE08atefOM5M7vrDmyxMAUCFEGYQm3FsGIaiKBcR95RSE6NgjnovKqEBUQqJKL3JXovFYqI3GftvO1YESkapWYZbLdol48Z8/tnnX3755YAB/fv16xaNbt+xq+KTT7eHwtHPP1noTXYePVrVu7jnE0/c17d/jyPHp3715TZ/eyQYiJhoK26IcFgHJPX1DXqUv730jQED+sR03TBiNpsNADhHygilNBwOJyanXj3vhtY2v9udNOXSqVxQQ7D6xsbpU0YkJroy83IElyCNtPSUPsW9hwweVF9fl52dc/c992ga3bp9l6o4CSF2u/O22+8IBGPffPv1u++9u2bttwcOHZs85ZI9v++//vrrPR73uu/W19U3/efLby9caJCoNre1M9UiBAAyzkVzU+hMefC11z5K9OA77z7Wp7ggGtM3/bzphedfCXe6FC1X09i9987MytT279vd1lY2e/ZlnsSk+vrWQwePulzugaV9LTZNCtEZjhIChCmaplFKqUINnTOFXaxRDV0YBv/m27UfrlpJUPngo1WDhg4cPWLIu8uXffTRxxkZactXvDts2JCDh44tX7as+kK92+W5+eb5U6eNV5hyobp648ZNkydP6N6jgEt9795927ftpFR12t2c6ympSdOmTcnMTI9TNuPABAJExukJ2CXs7OImcy5MfBkiEcIAIIoCACAEVxTVFB1cLL67Hr1wcdVO/CIgpBBCmi2OuD4hjtH5/379HU/oLu5QzDDy8vOvvXbes88/N3HihKuumosCVyzfXlqStGLlQpfbQqjkRtSiEk+CVSHosDGLCrFIpzTAYU9UFFZ+uqqtLaAoltOnzyQleRMTE7kQlBKbzRq/12mcs9LZGUYpHQ776m++p0w89uQ9drtVGNFwKCQ4VzW1V1GhJzGhvcWPUnBDr6qsUlW1vd13+nTFgQOH/th/aNSISVKi1a5MnDJm145DmqakZ6b16dcv6DdqatsCQX3QoKHZOSkVZ8/7/CGmWRc+/JDV5nj0kadDoZCUsqGh7f0VP+/YW9feUe33ty6485bs7EzD0Nva2j//z6ZAuLvk0mqt/eLzt9LTk2+/7a5fNv+iWdSehcW9e/d7Y+mqb79a7XS7H37kgauvmblhw0/fr/ueG8KVkNS7d5HLZR85bHBxcU/KKEpOGAgpFUUNd0bOVp6fMWPupdOnfr9+24lTtUBcO/YcGDl29JmTJ7Zt35GTk/v22+/s3LGTMa2utiE5OXn4yMEej+Pbb9Z8/fWa4uKiHj27AUBV5bn1638oL6tEoSCI5GR3QUFuZmZ612NYdhFAyP8YRJOLogMAYFRFKQkhhiGqqs4nJSWmpKQgCkVhUnIaR5NdvLArgWHxZCMeMBCNxAzDSEtLs1mthJj22r/K1fgbdn0D/J8VKk6nY+bMmT9s/GHFihWJSal6hCuKfOvtf7rdDiASBQ/4O/RYWHKdUvD7Wi9Unygdmmux4i+bt3ldjvVrNyYlJGdmZm3b9qs/6DMnYSaAwtRpUHMsSWQ0ErJozGa1NDU2tLRUId4aDnY4nYmxaAyQRGMxbgjGNF+bjxsiGAgeOXhkyNChP23ccvDgkZaWtpYWP0oKVALlNodiyGiS14MUDI5Wa2JNbdPePQeX2z9MzfAeO3q6sHf/nr16DR0+2JXgHjJssGHIl17+dvOvR0YN7zm4xL32u0ZFtUdjeigU+vKLfavX/s4NWPjQFVIEft2yKSHBtWvXvqqq6tlz5p46faq8vLq1XWz4YVtRnxGa3XL01PkJ7cb+P4+vW/+Lw2qPRnWn0yGMyIzpk5577onc3CxFiR/QXEqqKA5nQn6PPlMunVJbHwsEI7v3nhg6Yuyih27+9qu1dXUN5WXnDh08es899+bnd3/26RcIoZQQfzDw448/O52u7OwsQoiqWubMubJ7t97PPffSyaNnhw4bNHhI/6Kioq6unzSnqyZV5qLIrIv/EndJSZSUUiAkGAq8/PKrxcXFjz76EACYpm7ORTxvBrNpGE/EMX6Z6Q2RCC0tbVLK7t27O52Orrj/bxeF8fuXMkS0WDQpZUFB3qKHFj340OIXn/+hsDi3vr6jrKw6LTUJAAjTVIuW7E2wWS0ECAhgSjAnO3Hm9InL3/9419btZWWnn3v+6bT0FELoufMVL7zwQlpqKiLOmDFt0OBSpoA0W9qSAgWF0VSvp6B7Wk6+Kxzi56qrxo+deLbyeFlVtapqDfW1qsLKKk5L7JRS140QgBCCz59/XXp62sJFjxFFICiRWBiBI0YoA0BaV9PQuzAlGokYGInoemNdc1FxERB6oaYOCG1qam+qh+rznbOvtKxb87jbZV+46Ilr581NT8/bu+/EnCufS3A57/7nlLFjS/x+/sXnn/uDQQS+Z89eb7L3qX8tPnj0RG5Bzy3b/mjzxV5Zcl+7r+bXzfvbOrgvHL3imisG9h21Zs2a7t3S21t9x06ebe1oz83NBGBcRFESkApFoAS+W/dDSmrBoSNnp06fXH6qLC0tJTMtOTkppbyiyplovXn+zXNmz7Lb7AMH9M/MSLNYrFu2bauoulDSf6DVakMUQMGd4LnkkpFny+ctbVz1ymtPF/fu1dHRfP5ctaopiYnJmlXTDSMaDhJKGaN2q1tRqcGlHjMIMJtNIRSBK1zXUcGILpqb/LnZnVIAIiVx0Ys0cw8zhzELgC6ljQCTD4FECLFr185QyOdNTjBxfgoj/ytwutB1EgEAIYQyaXd4EzwDI+HKa64Zt3Zd5K13fiwd2NOV4ADAAQP6pzz0QEpKEqIo7FVw1523FeTlZF+X29LYdOrk0ZtvvW7KlPFAZVZ2+shRQ86ePVteXh6NRnJzs0sGljCFKYoUXBKm2Kxabm5qgkfNy/L26jUoGm4LtDcVFGRs3+578fkX/b723oWFCQkJx44ftVoslDAAsFotgut2m0qpoSpU1YgeQymk1aIZRsTnazF3Zlo0Znc4Swf2f/SRhWmpHkrVQ4ePnT974fmnvzhy5LzFGrjsim6PPXqN1WqprKxuam5OT+uz6dfjwUD7TTdNvP+BGxtq295Y8k5DfVt1dbXCKABDpMOGjkzPSL4sb4qk9Led+8L+2HvvfCZFoLmlLhrp1BRtzMSps6+YJjE2dnTJ2YoLa9d+63I5mUIRRWfIiEQMT4JLVRVVcf6xf29VVYNiT5kz95r29lZHhhMRPB63z+dPSky67R83uF2unbt+P1lxcvKMSZ0xfev2fZolGYhDCCCEINcpoUgoR6laKGWk3Rd8+eUl+/cfkMS4+66F02dOXr36m2++/I9FtXgSk5559pn8/Pxjx0/98usviQlJl8+elpKSFgwGy8+WWZ3u6mq/LwS5Bb25JOYiDkqIrnNCKUqI77gBMNW8UpqarTjBn3NeUVHOOfd6vaRrNSv5y6vd/p6A7hqAIyKuXbPj7ffW//PuWTt2/PjySy8vfvzp91bu//SzX+66+zLGqCfB5Xb1ohQpxRSvx51QoigKSvqvp/6v9r47sIoq+//ce2dez3t56QmpkJBQgoAYitJksYEoVlZ30WXXdYura3cFWcG6lrVhZxdXV0RXmogiIAgI0qWFGkoS0stL8vLazNx7vn/ceS/BBVeB5ff9/X45f6TMezNz5865557yOefcGwoFHE6XzW4jBK699uqxPxlJgAKioRtOp1Pmp3CuEUoBcfAFA/Jyc3r0SPvNrydbLUrYiNx/7x39+vVqnHDpX554yqqyK8dd5nY5UlOTMzK6Kaqanp6Rk5NdW1P90osvRiLhbzasHz58CKUjBBcoIBhs18JtlIAeDjjsrKBHhtVC1qxZkZ2V2dQY/nTp9oOHIucPCj7z9HWPznw0N3uYwsjRIzUvvbikqiqJYPlj02+av3Cu14NWVamsOK6HtTv/cHs4HFy44DMgHEF3Or2qohCFCR6hBIHzgwf2Z2clDB1aHOeijCBjVFW4qghVhQRvXL9+fdweNyEkFIrMnv33Hd+WXjXhquEjLm6sCyYnZ1067rLjtXptddu2TYezJ1wACHa7RSACUJfbUd/Q9PH8xd0yM0eMunjrtj0ArpmPPbdu7VeGABCoUsoFRyBNbf6IoRuItQ0N9Y3NcfGJGzdu/PSzr4ZfPMrX2rZ167cgmM3uuPMun6bz++6ftnv3HsaUg2XlUx9+cPnylU88+VhOfnG8p0fp3spFi74MhcMlJX0HDuy7bu26b77ZyBi76MKLLrpoiOCcUBrVQEgMxGsYBiFgGEZuXk5BQQEQ2ebGcsZVDM4SQ0tCxDnvfPbhR+venfNgTk5Gz4K03btKX3n5hYsvvm7eB5vSUr1XT7xQVRUqWyEhZYxZqMoNoarU47a7XBZKZOFkYbNarMkpqsIMXSiMEUK44JRSQxeMKlzwtLS0rOwsLoyc3HRd54zR7OwsQ8D4cZflZWXaVUvf4l6qqjz04P1AmMPumPHo9Ly8vIOHyt6f+8/qmrq8vG5Oh2pR4LprJqYmJw8dPCgSCjAQSUmeuDhbSmqC2+15ddZ8wZPsTuu11w4npPzY0TVPP/X11k2bb5o0eerD7y5Zuq1P7zSCO3/724dGjx5UVrbrk0Wf/GrKlNqaKq/X07dv/v79h2QKBmO0qbExHIxs/XpbUb+eBMHmYtOn3zFs2HlWq3DHWY1wwOt21NW07d9bOuj8wvr6utaWVlVRuQAtom/e8s2K5WtDAQ7CvWXLzql/euj6yZd/8OGG0l3762taKGGEkGAk5PXG223OcBD/8c7Hy7/4atrDD1gV2+KFy/Jyew0dPGDXt9vk7s8YAQBDiFBIY6qdUOr1ev547z1WS+L06Y81NreFItpNP/upTbE++9TzimqJT4ivqKrztQYuHTdx5/Z9X63e88e7gkePVBw+XJ6d1y/OGY/I1n+zdfVXy1+e9URGt4yZjz2/YcMGAuK8fsXLPl+SnBIPKGIgXoh6tW02x4EDBxsa6vr3719YWMC5EUPkniGdOUObtV+FwBde+PiTT7YsXPhIXJyDUBg4cOCbb77+8NRpa79eWFJyxQsvLW1q8v988hi7zaIoqiwmi1wQSoXgXBgSZkOp9NUrMghgtSrc4DTaFcui2iQkg3OkxGx3QikIIQgiARLntA8bcoGZ6IiYkpIknUUjRg4VHJOTE4v7FrUH2g1DT0lJVRi7+uorFaaMH3f58IsuTElJGnf55V+vP/Dcc5+Ulwdd7pQe3T3Tp9+ZlZO1dKn73TnvtPmxd9+r//r8ukEX5H70wX2I4Qfu3xzv8TBKM9LSW1tbwuGIP9C6avXqXr16f7lq+e5d+5ubbvK4Ez/6/F92h7pi5drnX3xC6BGbKhK9xKIGnDYrBR1FyGlXW5ubj1eWK4SA0OvrawIBf5LX63S5Hnt85q23lCcnZjQ1hdqDvvMG5tktkJZkbUyw9+ufiTSCALqBmZkZlJJ3Zs9dMH/xz26aNP6KS49VVHy9dq2vKdjW5t+6ZcPevX3yckYZRoQSC0ViYcxqtwFl8d6E2rrmb78trapucMY5Ebk3MXn8lRPeev3vw0dclJKe4vQkvvzqC6mpObPf/OirVZtDGlGtth75PR566C6fD9atW35w/568HukF+d0PHTrsbwsPGzoqGAocOXIoHDGEkO2Dhez3BUANgwsBBHDeBx8eO3Zs9OiL3W5XtL8Hj0YfT5/ORidZQMPgr8xatGTxxvnzp7rj7YQAQbRY2Xn9i594cub06Y8uWvzWpBt/9f68DeUVvj89dLXTZacEGJMxYc6JUBUqa3QLYUSvK2R7NcpMy9N0kRKBgDIlRVEULgxGmHSVKhQRKIJpi8jIE6XyspxQZrUpSdaExCSvVNcQ0WphiGixKC0t+ttvf7Bi+bZumYmTJg0bNWKA1a5SQuwOO4LweLrZHcOOVlQMLsm5549X9eyZK4QItgefeHxmz6ICwsiYsaMEGIZhFBcX53Vft+TTRYGgz2ITLS3NV199xdJPF78665UB5w/JykzpX1zksimPPjI1r3vG7b/+Zd/exY11dQqh/rbqUKBNVUgo1I5CAxRMIVzD7t0LuncvBNTWrN0ILKjrmhHhVUdrkhM9AwcWCqJpnByvrHW7nYfLyl579e1bp9x82+03u90uf2mzopAvvlj2xYplmuZfvixz5IhBTrsNgIJArmnHyg8vXPRpz+69Xnrp1UOHyv1tvp9cNo6pCqXKx/MXqxbbuCvHxbk9gXDzgYN735s7b8uGA05bOrUq/mAgJS01OzfF4YrYHYAYuv768ecPOq+9PTJt+p/zeuTOn7/4rTdeN7j0XsvWZLL6uwkSr6qu3b59u9cbXzK4hEooIAEUQnYwOxM6CwB/wfHt2cvmzlv3r3l/SkzyEsIk1Jcximj0K+793LN/ee7Zv3740d+GDB6zcfO+393VNPORSXk5aYRSSjmhCqGEEACKHJFQKl07AIQhQwBKKBAgiISAwQ1GKKEUUMJZBKNK1OaQeAAh0wwYM72esaQsAGH67WU8jPBAe7C09Oiar0o/+3w7pcrFY/r97e939eqVI5cH5zwc5l8s3/r22yvqG1vHjun76qwpXm+8rmsAQIF4PO6SISUG1wkBV5xz4jVXCSEGnV/8/LNPqao1HA43Njbm5OQ4HNannnrsWPnR4cOHpyalJ41Mu+32G1577RWhuYsK8t1xrpJBA51Oa2Zmjzt+/+u83Lxjx8r7Ffdxx7k5F4QBoZQbQrXYVKuDMXjg3umZGQXV1TUzH38w2Rd6+pnnao8fKy3d89Cf7g6GAk6Pq9+AAQi0paVt6JCS9959q76h+eVZr3/zzde9++TbrAoKjoJyzoKhIAAJh+iMx54uKbngnnsfevmlN5wuh8PuaqoP/2POeyWDhl40YrAmtG3bd/152rMGilAQhg7JQ46KyhRGVMr0SDsFAUA1TRFctdppRVX1W7Pn7t69UzOEZmiESuQJEwIpYbIeKQp97ZrVK1esOG/ggCFDBiMC7fSOzjAL6yxUTvr8801vvrn8g7n3ZmenRn2ZBAA459JM7NGj++OPz1y5avXcuXNDgX0tzQN/cfuLN04cduMNo11uO6MEhFBUBZFToNEOEQBABQjZkVOubM4FowqiEFygQMoUGZwllMoFIBupADAZvOykukknKJUVGNvaAntLKxbMX79p8z67w3Hppf3feOOOgoIsxgiCABAESGNT2+JF38z+26pwODRhwqAH7r9PFiMkhEjzVJYSF9yQSDTODWnrWK02b4KHEBrndqSkJgAA52LwkEGDhw5iVBECFVBuu+0XV1xxidfjSklJppT9+vYpNrsjzu26YtxlDodt6NChgwdfIGvpmm9aIQJ5t24ZJSXnf/rJkuPllT+dNGnwBYXlVU7kkQ/m/nPI0CHnDxzwzcaNlRXl991zj9UqcnKy/zx9WnFxcS/s0dbempoWf/nllysKI0C5DvUNNWvXrE5O9F46dvTuXduL+/Q+r1+RqmJqaiplsHD+gpaWxtGjRzNqVahSfbz+inETbrn1xqVLV5cfrXI5LNzQ8vPzHA57Y2OjxjE5PXP9+k3VNbXrN65/+eWXiwqLExM8WrjNYlEJAKEUuQCCQhBKmabpTU3N675eLwj8/Oc/z8hIp4wIziklXFYB+D/otkPELZsPTPvz3L889bPCwuwolgUkEoBzM33VMIzklISrrh7Xr1/fNWvWLVu2zFfne++D9o8WbLhoaPaokecNGNjX4XAAoBBCVVRKCVAqEGXNP5VSRKEwQggVCFRCWChSqgizwp/EHMSCtCBbnVBqLipKqaYZNTVNmzaVrlmze+fO4ynJ8SNHFM6ccfPwkf1lRpCMvAoB5eX17763etH8jR6367ZfjrnhhhFOlxNRUEIF50ghGhwGs/+tabwDY0wILoTs52AQszwhKArlAgRy2ScOkcc57YU9CwhBSgUhPDHZg8A4506nBVFkZWVEkT1marpADkBTUpPuuvt3Y0ZdqOt86NDBDpfaMz/r6Scf3XfgcP/+/T0eV2FB/owZf6qtrdm161tVYQCcEINSJT8/e8yYEQneeNlcQlVsrW0tDQ21JcNG5OUm9SzI+nDe3I0bNm7dvKaoT89Qe6B0947W1ua5c9/jGLz6+gnc4IahG3p4395d8fHxqHOh6S67XVFYIOi//IpLCHHMevmVffsPNzQ2jRk7+uGH7v7Xh4uffeY5p90uuYQQpJQhUk0zEPGL5StWfvllYWHhyJHDVdUioy0k+mLPkE6foRFx65Z9v/v9G49MvX7sJSWdxyI3eikdGWOUEkLAExdXXNynT5/eN9100/qvNzz73DM1x8lnX/hXrikH/e8ADZoesNls2dlZ3TIyCwoL6+sbjpVXul0uj8eRm91tQP8+yclJApAQolCKiIqq2ux2l8su2wwTqVKgoLIqqwBd5w2NviNHaj9bun3Vqu0Ou72od3rJ4J4zZk5OTPQAEgmn5BwRQQheVnZ89uyVK1fvPX9A9tuzfz9wYCEBECirc4PsWw4A1EwTAgAQKIRARWFS0WKMUUoJoaqqxDBbmqYRSgCAKQwEKoqqC01hzOBcCCFQU1SFUhCCUEZQCAJMCMGYqUohcKn/2G1q7975xb26AwKA4DykKPSSS0aPHTuGKoSA6NEjO7/HZG7wQHsEANxuG6KOYPTp3TM/P89qYUxBRBAcC/Lz3//nu8kZGWlpiVeNv3TF5yvXb1htscGRQ6WNdbWRcLthRLZsXl9XVzX6J8PdLsui+e8vnD83Eg7361fcWN8QbA/qRtjQI5UVZUnJcePHXffVV5/t3r0trEcMgxth6mtqJsAVxgQXhAhCUBicC2RU2VO657XXXw+GQs88+0xhYU+ZQqEoCgBKCX3aDCkpCn06DW7euv+uu978wx8mTJp0MQBKF1UsI4uYrb87UIiIKFBQygxNCBRtra2agWu+Wjt//sraekNQm9NhCbVXENTbg+3NvmZ/ezsgKEwRQmcgHA5VWoQy+5RzIzU1tahXr759iy1WK6NEihHKLAhKoF3U1wV37jzeFoh44529eidfO3FE//6FisrkhqYwlclu20iCwciXX26fN2/t4SONJSW5994zsagoB4AIYcLH5CMIYUJzhDCiOExTpYmqBmaiAKLZmFmeJd8ZEBBCgImbE3KKNC0YiYSsNqvFYiOEIXBAoFTpDKJAMAggAANCOTcoAcENxpgsNYZIAQihnBCKggjUEYGgBREUqZGB7G5IAASlsuOWKj8QAilFTeM11fXhcMQfbBcCevcuqj5euW3LJsbU7j169juv9649pbNefqultUVRLN26Zdx3993bt291Oi2jLx6+YNECYNYxPxn912efd7pcqi3uxb/OUcGiaW2RcNuCBXNHjBhiGFo0/mc9euTYHXfcuad0969umzJt2lTVIivGCcaoQM45J8AYU87Ef3c6DI2Imzbuvef+v91z14Rrrh0Zg1VF/zhBqY+aZQAg5EtFAYRQSqksaRBoDyBgc3PrmrXbduw8VlHpY4pNN8JZmQl2p+JxWS2qNIOFpmlc1xBRtTBGWUNjY1lZWbs/pGnMEFS1eA20aTrTwwGhRygJhiNVPl+Fy+VKTExIT0/zeDyyhYiqqnFxbqvNyg3W2Ci2bGuklBb3ib/s0n49C/Pi3HEWiypRbwSAUma12ex2eygUEoZhtVoBwOG0xSAKIMs1mYUWTDM0VukmigwWAIQpCgoRnRNp/3DD0Nva2hRV9XjipTpOqWxEKxcPADEABaUWRIkc4gAEkEqNRyAQkAoaRSSE6Iiy9wCSjgxqgtLaACERGiYOiZi8jmgAEAOpIvPhEYURQeCqxS44AIiW1lZNi9isDkIgzhMnOAeOikLDWlgAtdmsVZVVhuBEsS5Zsqql0We30lAocOWVl/Y7rw8AGoYBQPbvPzZjxsxVX66aMuWWO+/8fV73bARBTSEom8YIAkz6bc8dQyPCgf3lk6c8/7vfXHbL5Ct++K2FEDGOl3gjQsAsryF7zVOpkxIBUFfTeOBg1bathw4cON4eiOiaQCSaoUciusLMJHgCQCmx2pnX40hNdmVlJubkpvYsTEekjU1NhsG3b9+xdcvW1tb21lafYRiaHtI0HRA4B0IsjHaLaMnBQEs4XGaISkCDUKEqFqYoBCgxQe+WxMTEPn36Zmdn19RWR8KhgvzuLperoCA/MTHR4/EwhcleDYiQkJCQlpZCTQu2kwImf2DUZkVAwTkXhFAERBCyK7DT6aCUyM5oEhpPCIk6aYQQ0Cm/kAgQZqpYtJ8aMX3vgkinqTgBqi5b/XYgOjGGQJIVp4QwfZ1CNjWTCbkS6CzZS+ZeCCEUlRm6QYFRynRuUErNgicUdZ1Lv5usA6GoihRbqsoOHDh87z0Pf7lq5ZRf3DJ16kOpqckohGqNDUkAoEBBicyLOVcMjYhVVQ2TbnzyqqsvvO++6374SordRc4louwUL9sZAgJFITd35EJEVRVpJpgFLoi5AxBE2XOJRjd9Fi2cJBUbQSjRdF1VLADSMUJlF1eZpVtV1TTj8fe/Xl/WPStxypSRLheUHSqrqqloa2tD5IKjbhicCwKEMupvC4RCQUBo8/tbW1saGxvD4YC8L+c8ioInmqarqqVXr16jR49O9CZomo4oXC6XNyEekHBE1WJhqsVmtSYkJKSlpsS73VarAoiUMcnlisKkbkMplRivGFLefDaTv0FEVTs0FQqZ120qdTKdVm4Lse6dYO4kGFsVsgsWNRMWZQ9QNAPUiNFash3nSoluouSEUFXV0DnnaLVZzOgBGggckABIY5SYS4mwUCji97dPnTp9yaefX3PNxBmPTk1JSeRCyOJtJoqDSDZAAEJAOXcM7fcHJ09+JiPDO2vWnae9L8TEswzKIESTOM3OJkKKI5nlRgCgAxaOMRQiAHTu2SE/BQBEAQSi5eApotzEiWEYlZV1L7++dM1XBy8a1v2euybm5GaYYsysVyB7pSE3hGQRxmgwGAwEguFwRNM0v9/v8/la2lqEEH5/m9/vF4JbLBbDMA4fPlJXV19dXdPi81ltVhTADUP6DQ3DQKCqxUZVi8VisdmsdpvV5XIojBE07HY7YwpTWGJikscTL7hITU0ZNOh8xgillDFKGWOUORx2p9NlsaiUUQS5NYNAtFgsVtUqs3go7ZgZjCaYdBLSpjuVyD7W5mR2AJflt6UzB4WQQFBElI4amTorl4cwT5EbAVIgiJxQlF0oBBdMIea6QNrS4t+wYePs2XO2bdt2xRXjpk59MDMznVJZY0SqVRCzvEBuZOeMoQ3d+MMdLzY0Bz/+13T88d0DOhuIcrkDSP0Co1cjnd4HUEpJNG506kHGrAcRvbKQZpmE8AoBhsF37Dh4/8NzmurC48YXPzr9Zw6HXbbFBgBEeQWM/iSx32jGbiA2vxjNueDcMAwuXwbnIhKJhMNhn69VCGGzWQlCMBjy+/2tra0+X4vd6fDEJ7YHQoFgoOr48d27d/iamoAgJYRz3traWlFRqWsGY4qiKHFxcTa7xefzGYZOCSGE2uy2nJycoqKilJRkm80qhAiHQwI5o0pycnJqSqqiqBaLNT7e7U3wer0JNpvKmKIwJbr+AQVE092Bc2naIuc8mmgNhFAenXNAVJgC0TqX0gAghCCaM2YITimT0RBCKHIOgECQC86Yyg0BwJEAY5b9+w7NmfOPRQsXNzQ0/fZ3v5nyi1vycnOZAmZ6vxzRd7lInCOVQwjx6isL585b/8EH9+fkpJ2h91sSIgciZMNqItUKc43GGMh0lMn/TnbPjvzNaLYFyBlBRL8/+OG8VW/OXhkKGjf99KIHH7xBUWKRVXHiAjMPdrZoO20FRNZpAAAkpgkocWRCCJUpiCiQSBsOEQE5ISi1T0QZ85XFMQAACMWolo2CY2Nj0759+xsbm2TjZIfD0dzctGfPnlAopOt6KBSqqqquqqpqamoKBttR6ADUXHyyHxsCF0AZzcjI6NmzICsr02KxWFQ1PT2dMRYORxhVHA6n15uEKLxeb1FRkdfrYQrIVrMxfwIiACGMUVVVCchCNiDraKKZFxjbASgSiC4RoDIYJWO7QLlAw9DqG2q+WLbinXfe271rz4CB5996689vvvlmRpExWfgYo+YvjSlL0f2WnyOGXrtm530P/mPaw9dOmHDhad/sZHSC9/pkn54QOopyYeybJzC0VOMMAxvqW597/uMlS7e5XLZpUydeM3G06T4zL8KjXfFEbFOWWiZEfY4dNwTTyhOi4zvRgGi0fB0KIEwWjyRUhhJiE0ukdxwISF8dys2YytQbGdQ3M6FlgplAAUilk9owjLY2f3Ozz+dram9v0/UIAcqF0HUjFAq1+Hz+tvbWVn95eXl1dbWuawhc3lcyIjeErmMoqIVCEV3XHU5bdnaWy2VjCrFaLYpitqUiQAUCZaxbt27FffvGezwWi8VqtVisFrmMGSPSxa6qqs1mEwhUVW0Oh9VqURgVutHW2h4I+EPBSFVV7Zp1q7/dvrXs0OH0jG6XXHLJDTfc0LtPASWEEKRmhTTSYRqZ7l1zuint/E5Ph34QQzc1tlx1zYyxPzl/+iM3f0c2n4bucSqKaX5yYOavk1/8u18DACG4EPzQoeP33//+kaP1PQuSnn9+So8e3cyucxCbStNrFkUzdsymNIGiikdMCYHO7yC6FcQGbI6CAO0k2kXUfsXoWULuQjGNVar4BECaxeZZVEGBQhApPhGQklguU8dMIEpPidB1TdcNWZRW0zQhBOdc13VEZEwxDCMYCIfD2rFjFaWlpS0tLYiCc0M3Iroe4VwXQnAuuIFt/vZDZYdra+vsVovL5WQKoxQooVRWFANCqUIIY0x1uzxebyIS7nTZk1ISExMTVEUNBAJHj5RXV1X5fK2BQFsgGCjI7zF+3PgrJ4zPzctzu10oOKWUECHhYtHXYT4WdMgpEn0Fp0//maER8ZHp7x48WPPRhw+dyZ3+IyGKTpwK35HN33si6rqxZfO+R6b/s6q6bdSIwmef+7Xb7RSmKQ3ReMeP9rhHI9gAIHM8O2wAiOZ7RsmUK1HhjZ0PQjRfOjbg2EfRdwnRqI18cACQuXcnoM9ItPDkdw7GtKPOtxBCuoAIoGkPEGL6EKWvyTAMXdd1nftaWktL9x49etSiqEIIg2uylSDnHEAEg5HyY5X1dc2UKqFQ6PDhssamWoNHpP0DhAAyAOqwO8eOvWTosMFud9wFFwzsVVTEGDUMg1JgjAFQ6Z4Ck3Hls3eMlnResmdA/yH0jYhffrntk8Xb5s9/4FTC+GTK6OnQv61O/P7FKu9rGPyttz6Z9dpKVSG3/Wr0HXdMjFmK0Rrasev/6BESEysT83x1fBILqkQRkqTTWTE+jh2MSevYo5mMGHWNmZoCpSRqCeBJxVUnN1xnwdaxXOWKopTINh0Y5WY0EVpmuRlCQFWZ1aoSQrxed25uJkYb9sS4LaZPtbT6Q8EwY4qu6y2+Vr/fb4gIguCGIfutMkYpZQUFBUlJCRJoCQCGocXc2EJ0YJ07yYizxjwd8/M9cgsRDYNfOeHxUaN6P/jADae6aeepPLPB4IkS+pS6lIw7NDW2Pjbz/c+W7e7ePeXRR28YPLg3ogyzfWdVwBnuYueE8BQL+HRG3kmnkhwsN/oO5UoK9ChnS3A9AqAQKOE3cq+QQRMA2olH0FT5Sceeg2b5Dpm/bMbLovGBzt7DE9RIjFoapng2N60zfVPfJ6EJIf9874vm5tZfThn7PfKys3g4M+osUE/CzTF5tuSTr598ekFjY/uwwd03fvN0YlI859JE+3cMwBlN0Fm0EH4YnZ3RRk1YU1rHbIBoaNbUgjoBTgBRKIoqq8ZIUUqp5DwmoSnyCOcCgFFCkMh/pXdbkGi5gmhVX+nc7Cj3GnV4njDOjsc+0Wt6JnRKhkbEYCD84Ucbrxw/KCnJ+/2v9ey99ZOjUqSPorKi7oEH392xt5rxyL13T5h861izoVZ0Hs/qSOBkV/uuMXp2beJYfOE7d/mB1FkPoRSkstGpnRKAGZnreAqM4m9lZJExtbNsiqnmkkHRhGoZaLp7CKEIAIwxzgV2AnLJKRFCSBAinCh5O6I5sVfWaes4w/k8JUMTQhYvXl/f2HLzTaPOztr58RR74IUL1r4y67PK463p3eyLPry7oGeWjJx/Z8D//RGdXKM9K1eO2n9nbop0aKj/drDDaIwel73EOja375nV6N9yhUQVBAYAEJMsnTmSMXbSGTrZoe/8Pn36HgkNX6zYOaQkPzcv49xuuwBRkexvC7z22pIP520WEL777quuuWa4y+U4S9bw/+dETvH3Dz7/FCf9m+l8runkDC3DbAf2Vz715C2xeMQ5IMnHKPCTRWtef31FRXlDYa/MOf/4fZ8+uTJR4JyNpIv+L6VTSujq4/W6bsS5bZ3V+f8SxQze3bsPPzbzgwMHa3zN7dOmXXfjpNHx8S44R+pEF/2/QN/j5SC6Js68TsL3UExFPnTw+Jx3lq1Zc7C5yX/9tYNef+NOt9uhqkqXSO6iH0unZOhumckOl6Wlpf2sC8dYzLm+zvfOO6sXLNpeVVV10bCeb77x27zuaQ6HvYuPu+i06eQMTQhxxTnSU+I/XbJl9OgBZ2XHl651QsDX3Dpnzueff1Z6qKxmyJC8F/56U69eOfHxTuhSLbrojOmUMRFE/Hrtzim/emXu3AcGDSo8PU6Tfkwpcffvr1ix4tsln247fKi65IKCn00eOXBgQVpaghxGFyd30Vmh/xDku+/e11au2jvn73f271/ww5kuhtUMhbTly7ctXrR5x47KltbI0CFZN9x44YUX9k1MdEMXF3fRf4H+A0PrmjH7b5+/Mmvp3X+ccOutl6iqzGU44RRCTmBNXTd27Cjb9M3BL1bsLDvQSBQ+fly/G28cVViU5XDYvvPlLuqis0s/CD66t/TYs898vP9gba/e2UVF6d17JOdmpwOArvNgMBIOa5WVDZUV9fsP1IaCvKKyzmphF5Tkjx0zYPCQwtRUr9Llr+iic0U/CFeECEKI/fsrNm86uGlz2aEjVYRBJKxpGrfbbC6X1eNx9MzPGjumX1q61+t1OZ02Kcu71IouOsf0o8sYABBEIcEohBDGaLTGCkRrJf7XAzFd1EWnorOF/OyiLvpfQWehCUAXddH/HvofNPvEWeLogFEAAAAASUVORK5CYII=',NULL,'bottom-right','bottom-right','TND',0.0,NULL,'FAC','DEV',0,'Société Techno Smart SARL - MF : 1633685T/N/M/000 - RIB : 25098000000067686949','Société Techno Smart SARL - MF : 1633685T/N/M/000 - RIB : 25098000000067686949','Société Techno Smart SARL - MF : 1633685T/N/M/000 - RIB : 25098000000067686949',NULL,NULL,NULL,'{"tva":{"rates":[{"code":"T19","label":"TVA 19%","rate":19},{"code":"T7","label":"TVA 7%","rate":7},{"code":"EXON","label":"Exonération","rate":0}],"applyMode":"line","allowExemption":true},"fodec":{"enabled":false,"autoApply":false,"rate":1,"application":"line","calculationOrder":"BEFORE_TVA"},"timbre":{"enabled":true,"amountCents":1000,"autoApply":true},"order":["FODEC","TVA","TIMBRE"],"rounding":{"line":"nearest-cent","total":"nearest-cent"}}',1762180245994,1762250768490);
INSERT INTO CompanySettings VALUES('cmhj8om3o000mpotk0ew5jwso','cmhj8olxe000gpotkv1uvb3ja','Nouvelle société',NULL,NULL,NULL,NULL,NULL,NULL,NULL,NULL,NULL,NULL,'bottom-right','bottom-right','TND',20.0,NULL,'FAC','DEV',1,NULL,NULL,NULL,NULL,NULL,NULL,'{"tva":{"rates":[{"code":"T19","label":"TVA 19%","rate":19},{"code":"T7","label":"TVA 7%","rate":7},{"code":"EXON","label":"Exonération","rate":0}],"applyMode":"line","allowExemption":true},"fodec":{"enabled":true,"autoApply":false,"rate":1,"application":"line","calculationOrder":"BEFORE_TVA"},"timbre":{"enabled":true,"amountCents":1000,"autoApply":false},"order":["FODEC","TVA","TIMBRE"],"rounding":{"line":"nearest-cent","total":"nearest-cent"}}',1762180352484,1762180352484);
CREATE TABLE IF NOT EXISTS "NumberingSequence" (
    "id" TEXT NOT NULL PRIMARY KEY,
    "userId" TEXT NOT NULL,
    "type" TEXT NOT NULL,
    "prefix" TEXT NOT NULL,
    "year" INTEGER NOT NULL,
    "counter" INTEGER NOT NULL DEFAULT 0,
    "createdAt" DATETIME NOT NULL DEFAULT CURRENT_TIMESTAMP,
    "updatedAt" DATETIME NOT NULL,
    CONSTRAINT "NumberingSequence_userId_fkey" FOREIGN KEY ("userId") REFERENCES "User" ("id") ON DELETE CASCADE ON UPDATE CASCADE
);
INSERT INTO NumberingSequence VALUES('cmhj8pmia000spotkfd9o20tk','cmhj8olxe000gpotkv1uvb3ja','DEVIS','DEV',2025,1,1762180399666,1762180399666);
INSERT INTO NumberingSequence VALUES('cmhj8q64p000ypotkanswh2zz','cmhj8olxe000gpotkv1uvb3ja','FACTURE','FAC',2025,1,1762180425098,1762180425098);
INSERT INTO NumberingSequence VALUES('cmhkdpiww000dpo53dg2xir15','cmhj8mbrc0007potkyzck5wsk','DEVIS','DEV',0,7,1762249259265,1762358290463);
INSERT INTO NumberingSequence VALUES('cmhkemzuk001hpo53kajbwhu7','cmhj8mbrc0007potkyzck5wsk','FACTURE','FAC',0,5,1762250820861,1762505685280);
CREATE TABLE IF NOT EXISTS "EmailLog" (
    "id" TEXT NOT NULL PRIMARY KEY,
    "userId" TEXT NOT NULL,
    "documentType" TEXT NOT NULL,
    "documentId" TEXT NOT NULL,
    "to" TEXT NOT NULL,
    "subject" TEXT NOT NULL,
    "body" TEXT,
    "sentAt" DATETIME,
    "status" TEXT NOT NULL DEFAULT 'EN_ATTENTE',
    "error" TEXT,
    "createdAt" DATETIME NOT NULL DEFAULT CURRENT_TIMESTAMP,
    CONSTRAINT "EmailLog_userId_fkey" FOREIGN KEY ("userId") REFERENCES "User" ("id") ON DELETE CASCADE ON UPDATE CASCADE
);
INSERT INTO EmailLog VALUES('cmhlt17ux004tpo9u8d732mr4','cmhj8mbrc0007potkyzck5wsk','FACTURE','cmhkemzuo001jpo530gu64pc7','brinisaziz@gmail.com','Facture FAC-0001',unistr('<table role="presentation" width="100%" cellpadding="0" cellspacing="0" style="width:100%;font-family:''Segoe UI'',''Helvetica Neue'',Arial,''Liberation Sans'',sans-serif;color:#0f172a">\u000a  <tr>\u000a    <td style="padding-bottom:12px">\u000a      <span style="display:inline-block;padding:6px 12px;border-radius:999px;background-color:#dbeafe;color:#1d4ed8;font-size:12px;font-weight:600;letter-spacing:0.08em;text-transform:uppercase">Facturation</span>\u000a    </td>\u000a  </tr>\u000a  <tr>\u000a    <td style="padding-bottom:12px;font-size:22px;font-weight:600;color:#0f172a">\u000a      Facture FAC-0001\u000a    </td>\u000a  </tr>\u000a  <tr>\u000a    <td style="padding-bottom:16px">\u000a      <span style="display:inline-block;padding:8px 16px;border-radius:999px;background-color:#e0f2fe;color:#0369a1;font-size:13px;font-weight:600">Émise le 04/11/2025</span>\u000a    </td>\u000a  </tr>\u000a  <tr>\u000a    <td style="padding-bottom:16px;font-size:15px;line-height:1.6;color:#334155">\u000a      Bonjour Testeur,\u000a    </td>\u000a  </tr>\u000a  <tr>\u000a    <td style="padding-bottom:16px;font-size:15px;line-height:1.6;color:#334155">\u000a      Merci de trouver ci-joint la facture correspondant à Testeur. Nous apprécions votre confiance et restons à votre disposition pour toute précision.\u000a    </td>\u000a  </tr>\u000a  <tr>\u000a    <td style="padding-bottom:20px">\u000a      <table role="presentation" width="100%" cellpadding="0" cellspacing="0" style="width:100%;border:1px solid #d8e3f2;border-radius:12px;background-color:#f9fbff">\u000a        <tr>\u000a          <td style="padding:20px">\u000a            <table role="presentation" width="100%" cellpadding="0" cellspacing="0" style="width:100%">\u000a              <tr>\u000a                <td colspan="2" style="font-size:15px;font-weight:600;color:#1d4ed8;padding-bottom:12px">\u000a                  Récapitulatif de la facture\u000a                </td>\u000a              </tr>\u000a              <tr>\u000a                <td style="padding:6px 0;font-size:14px;color:#334155;border-bottom:1px solid #e2e8f0">\u000a                  Montant TTC\u000a                </td>\u000a                <td style="padding:6px 0;font-size:18px;color:#1d4ed8;font-weight:700;text-align:right;border-bottom:1px solid #e2e8f0">\u000a                  120,000 DT\u000a                </td>\u000a              </tr>\u000a              <tr>\u000a                <td style="padding:6px 0;font-size:14px;color:#334155;border-bottom:1px solid #e2e8f0">\u000a                  Montant payé\u000a                </td>\u000a                <td style="padding:6px 0;font-size:14px;color:#0f172a;font-weight:600;text-align:right;border-bottom:1px solid #e2e8f0">\u000a                  120,000 DT\u000a                </td>\u000a              </tr>\u000a              <tr>\u000a                <td style="padding:6px 0;font-size:14px;color:#334155;border-bottom:1px solid #e2e8f0">\u000a                  Solde restant\u000a                </td>\u000a                <td style="padding:6px 0;font-size:14px;color:#dc2626;font-weight:600;text-align:right;border-bottom:1px solid #e2e8f0">\u000a                  0,000 DT\u000a                </td>\u000a              </tr>\u000a              <tr>\u000a                <td style="padding-top:6px;font-size:14px;color:#334155">\u000a                  Échéance\u000a                </td>\u000a                <td style="padding-top:6px;font-size:14px;color:#0f172a;font-weight:600;text-align:right">\u000a                  \u000a                </td>\u000a              </tr>\u000a            </table>\u000a          </td>\u000a        </tr>\u000a      </table>\u000a    </td>\u000a  </tr>\u000a  <tr>\u000a    <td style="padding-bottom:16px;font-size:15px;line-height:1.6;color:#334155">\u000a      Merci d''effectuer le règlement selon les modalités habituelles. Pour un virement, pensez à rappeler la référence <strong>FAC-0001</strong>.\u000a    </td>\u000a  </tr>\u000a  <tr>\u000a    <td style="padding-bottom:20px;font-size:15px;line-height:1.6;color:#334155">\u000a      Nous restons disponibles pour toute question complémentaire.\u000a    </td>\u000a  </tr>\u000a  <tr>\u000a    <td style="font-size:15px;line-height:1.6;color:#0f172a;font-weight:600">\u000a      Techno Smart\u000a    </td>\u000a  </tr>\u000a  <tr>\u000a    <td style="font-size:13px;line-height:1.5;color:#64748b">\u000a      support@techno-smart.tn · +216 99 699 280\u000a    </td>\u000a  </tr>\u000a  <tr>\u000a    <td style="font-size:13px;line-height:1.5;color:#64748b">\u000a      Rue Mohamed Kacem - Tazarka 8024 - Nabeul, Tunisie\u000a    </td>\u000a  </tr>\u000a</table>'),1762335465223,'ENVOYE',NULL,1762335465225);
INSERT INTO EmailLog VALUES('cmhlt9zad004zpo9ukzjgfrid','cmhj8mbrc0007potkyzck5wsk','FACTURE','cmhkemzuo001jpo530gu64pc7','brinisaziz@gmail.com','Facture FAC-0001',unistr('<table role="presentation" width="100%" cellpadding="0" cellspacing="0" style="width:100%;font-family:''Segoe UI'',''Helvetica Neue'',Arial,''Liberation Sans'',sans-serif;color:#0f172a">\u000a  <tr>\u000a    <td style="padding-bottom:12px">\u000a      <span style="display:inline-block;padding:6px 12px;border-radius:999px;background-color:#dbeafe;color:#1d4ed8;font-size:12px;font-weight:600;letter-spacing:0.08em;text-transform:uppercase">Facturation</span>\u000a    </td>\u000a  </tr>\u000a  <tr>\u000a    <td style="padding-bottom:12px;font-size:22px;font-weight:600;color:#0f172a">\u000a      Facture FAC-0001\u000a    </td>\u000a  </tr>\u000a  <tr>\u000a    <td style="padding-bottom:16px">\u000a      <span style="display:inline-block;padding:8px 16px;border-radius:999px;background-color:#e0f2fe;color:#0369a1;font-size:13px;font-weight:600">Émise le 04/11/2025</span>\u000a    </td>\u000a  </tr>\u000a  <tr>\u000a    <td style="padding-bottom:16px;font-size:15px;line-height:1.6;color:#334155">\u000a      Bonjour Testeur,\u000a    </td>\u000a  </tr>\u000a  <tr>\u000a    <td style="padding-bottom:16px;font-size:15px;line-height:1.6;color:#334155">\u000a      Merci de trouver ci-joint la facture correspondant à Testeur. Nous apprécions votre confiance et restons à votre disposition pour toute précision.\u000a    </td>\u000a  </tr>\u000a  <tr>\u000a    <td style="padding-bottom:20px">\u000a      <table role="presentation" width="100%" cellpadding="0" cellspacing="0" style="width:100%;border:1px solid #d8e3f2;border-radius:12px;background-color:#f9fbff">\u000a        <tr>\u000a          <td style="padding:20px">\u000a            <table role="presentation" width="100%" cellpadding="0" cellspacing="0" style="width:100%">\u000a              <tr>\u000a                <td colspan="2" style="font-size:15px;font-weight:600;color:#1d4ed8;padding-bottom:12px">\u000a                  Récapitulatif de la facture\u000a                </td>\u000a              </tr>\u000a              <tr>\u000a                <td style="border-bottom:1px solid #e2e8f0;padding:10px 0;font-size:14px;color:#334155">\u000a                  Montant TTC\u000a                </td>\u000a                <td style="border-bottom:1px solid #e2e8f0;padding:10px 0;font-size:18px;color:#1d4ed8;font-weight:700;text-align:right">\u000a                  120,000 DT\u000a                </td>\u000a              </tr>\u000a              <tr>\u000a                <td style="border-bottom:1px solid #e2e8f0;padding:10px 0;font-size:14px;color:#334155">\u000a                  Montant payé\u000a                </td>\u000a                <td style="border-bottom:1px solid #e2e8f0;padding:10px 0;font-size:14px;color:#0f172a;font-weight:600;text-align:right">\u000a                  120,000 DT\u000a                </td>\u000a              </tr>\u000a              <tr>\u000a                <td style="border-bottom:1px solid #e2e8f0;padding:10px 0;font-size:14px;color:#334155">\u000a                  Solde restant\u000a                </td>\u000a                <td style="border-bottom:1px solid #e2e8f0;padding:10px 0;font-size:14px;color:#dc2626;font-weight:600;text-align:right">\u000a                  0,000 DT\u000a                </td>\u000a              </tr>\u000a              <tr>\u000a                <td style="padding-top:10px;font-size:14px;color:#334155">\u000a                  Échéance\u000a                </td>\u000a                <td style="padding-top:10px;font-size:14px;color:#0f172a;font-weight:600;text-align:right">\u000a                  \u000a                </td>\u000a              </tr>\u000a            </table>\u000a          </td>\u000a        </tr>\u000a      </table>\u000a    </td>\u000a  </tr>\u000a  <tr>\u000a    <td style="padding-bottom:16px;font-size:15px;line-height:1.6;color:#334155">\u000a      Merci d''effectuer le règlement selon les modalités habituelles. Pour un virement, pensez à rappeler la référence <strong>FAC-0001</strong>.\u000a    </td>\u000a  </tr>\u000a  <tr>\u000a    <td style="padding-bottom:20px;font-size:15px;line-height:1.6;color:#334155">\u000a      Nous restons disponibles pour toute question complémentaire.\u000a    </td>\u000a  </tr>\u000a  <tr>\u000a    <td style="font-size:15px;line-height:1.6;color:#0f172a;font-weight:600">\u000a      Techno Smart\u000a    </td>\u000a  </tr>\u000a  <tr>\u000a    <td style="font-size:13px;line-height:1.5;color:#64748b">\u000a      support@techno-smart.tn · +216 99 699 280\u000a    </td>\u000a  </tr>\u000a  <tr>\u000a    <td style="font-size:13px;line-height:1.5;color:#64748b">\u000a      Rue Mohamed Kacem - Tazarka 8024 - Nabeul, Tunisie\u000a    </td>\u000a  </tr>\u000a</table>'),1762335874020,'ENVOYE',NULL,1762335874022);
INSERT INTO EmailLog VALUES('cmhltfy7g0001poprireli50y','cmhj8mbrc0007potkyzck5wsk','FACTURE','cmhkemzuo001jpo530gu64pc7','brinisaziz@gmail.com','Facture FAC-0001',unistr('<table role="presentation" width="100%" cellpadding="0" cellspacing="0" style="width:100%;font-family:''Segoe UI'',''Helvetica Neue'',Arial,''Liberation Sans'',sans-serif;color:#0f172a">\u000a  <tr>\u000a    <td style="padding-bottom:12px">\u000a      <span style="display:inline-block;padding:6px 12px;border-radius:999px;background-color:#dbeafe;color:#1d4ed8;font-size:12px;font-weight:600;letter-spacing:0.08em;text-transform:uppercase">Facturation</span>\u000a    </td>\u000a  </tr>\u000a  <tr>\u000a    <td style="padding-bottom:12px;font-size:22px;font-weight:600;color:#0f172a">\u000a      Facture FAC-0001\u000a    </td>\u000a  </tr>\u000a  <tr>\u000a    <td style="padding-bottom:16px">\u000a      <span style="display:inline-block;padding:8px 16px;border-radius:999px;background-color:#e0f2fe;color:#0369a1;font-size:13px;font-weight:600">Émise le 04/11/2025</span>\u000a    </td>\u000a  </tr>\u000a  <tr>\u000a    <td style="padding-bottom:16px;font-size:15px;line-height:1.6;color:#334155">\u000a      Bonjour Testeur,\u000a    </td>\u000a  </tr>\u000a  <tr>\u000a    <td style="padding-bottom:16px;font-size:15px;line-height:1.6;color:#334155">\u000a      Merci de trouver ci-joint la facture correspondant à Testeur. Nous apprécions votre confiance et restons à votre disposition pour toute précision.\u000a    </td>\u000a  </tr>\u000a  <tr>\u000a    <td style="padding-bottom:20px">\u000a      <table role="presentation" width="100%" cellpadding="0" cellspacing="0" style="width:100%;border:1px solid #d8e3f2;border-radius:12px;background-color:#f9fbff">\u000a        <tr>\u000a          <td style="padding:20px">\u000a            <table role="presentation" width="100%" cellpadding="0" cellspacing="0" style="width:100%">\u000a              <tr>\u000a                <td colspan="2" style="font-size:15px;font-weight:600;color:#1d4ed8;padding-bottom:12px">\u000a                  Récapitulatif de la facture\u000a                </td>\u000a              </tr>\u000a              <tr>\u000a                <td style="border-bottom:1px solid #e2e8f0;padding:10px 0;font-size:14px;color:#334155">\u000a                  Montant TTC\u000a                </td>\u000a                <td style="border-bottom:1px solid #e2e8f0;padding:10px 0;font-size:18px;color:#1d4ed8;font-weight:700;text-align:right">\u000a                  120,000 DT\u000a                </td>\u000a              </tr>\u000a              <tr>\u000a                <td style="border-bottom:1px solid #e2e8f0;padding:10px 0;font-size:14px;color:#334155">\u000a                  Montant payé\u000a                </td>\u000a                <td style="border-bottom:1px solid #e2e8f0;padding:10px 0;font-size:14px;color:#0f172a;font-weight:600;text-align:right">\u000a                  120,000 DT\u000a                </td>\u000a              </tr>\u000a              <tr>\u000a                <td style="border-bottom:1px solid #e2e8f0;padding:10px 0;font-size:14px;color:#334155">\u000a                  Solde restant\u000a                </td>\u000a                <td style="border-bottom:1px solid #e2e8f0;padding:10px 0;font-size:14px;color:#dc2626;font-weight:600;text-align:right">\u000a                  0,000 DT\u000a                </td>\u000a              </tr>\u000a              <tr>\u000a                <td style="padding-top:10px;font-size:14px;color:#334155">\u000a                  Échéance\u000a                </td>\u000a                <td style="padding-top:10px;font-size:14px;color:#0f172a;font-weight:600;text-align:right">\u000a                  \u000a                </td>\u000a              </tr>\u000a            </table>\u000a          </td>\u000a        </tr>\u000a      </table>\u000a    </td>\u000a  </tr>\u000a  <tr>\u000a    <td style="padding-bottom:16px;font-size:15px;line-height:1.6;color:#334155">\u000a      Merci d''effectuer le règlement selon les modalités habituelles. Pour un virement, pensez à rappeler la référence <strong>FAC-0001</strong>.\u000a    </td>\u000a  </tr>\u000a  <tr>\u000a    <td style="padding-bottom:20px;font-size:15px;line-height:1.6;color:#334155">\u000a      Nous restons disponibles pour toute question complémentaire.\u000a    </td>\u000a  </tr>\u000a  <tr>\u000a    <td style="font-size:15px;line-height:1.6;color:#0f172a;font-weight:600">\u000a      Techno Smart\u000a    </td>\u000a  </tr>\u000a  <tr>\u000a    <td style="font-size:13px;line-height:1.5;color:#64748b">\u000a      support@techno-smart.tn · +216 99 699 280\u000a    </td>\u000a  </tr>\u000a  <tr>\u000a    <td style="font-size:13px;line-height:1.5;color:#64748b">\u000a      Rue Mohamed Kacem - Tazarka 8024 - Nabeul, Tunisie\u000a    </td>\u000a  </tr>\u000a</table>'),1762336152554,'ENVOYE',NULL,1762336152556);
INSERT INTO EmailLog VALUES('cmhltlobw0009popr8az4bp0m','cmhj8mbrc0007potkyzck5wsk','FACTURE','cmhltlhwz0005poprzrw4kkfq','brinisaziz@gmail.com','Facture FAC-0002',unistr('<table role="presentation" width="100%" cellpadding="0" cellspacing="0" style="width:100%;font-family:''Segoe UI'',''Helvetica Neue'',Arial,''Liberation Sans'',sans-serif;color:#0f172a">\u000a  <tr>\u000a    <td style="padding-bottom:12px">\u000a      <span style="display:inline-block;padding:6px 12px;border-radius:999px;background-color:#dbeafe;color:#1d4ed8;font-size:12px;font-weight:600;letter-spacing:0.08em;text-transform:uppercase">Facturation</span>\u000a    </td>\u000a  </tr>\u000a  <tr>\u000a    <td style="padding-bottom:12px;font-size:22px;font-weight:600;color:#0f172a">\u000a      Facture FAC-0002\u000a    </td>\u000a  </tr>\u000a  <tr>\u000a    <td style="padding-bottom:16px">\u000a      <span style="display:inline-block;padding:8px 16px;border-radius:999px;background-color:#e0f2fe;color:#0369a1;font-size:13px;font-weight:600">Émise le 05/11/2025</span>\u000a    </td>\u000a  </tr>\u000a  <tr>\u000a    <td style="padding-bottom:16px;font-size:15px;line-height:1.6;color:#334155">\u000a      Bonjour Aziz Brinis,\u000a    </td>\u000a  </tr>\u000a  <tr>\u000a    <td style="padding-bottom:16px;font-size:15px;line-height:1.6;color:#334155">\u000a      Merci de trouver ci-joint la facture correspondant à Aziz Brinis. Nous apprécions votre confiance et restons à votre disposition pour toute précision.\u000a    </td>\u000a  </tr>\u000a  <tr>\u000a    <td style="padding-bottom:20px">\u000a      <table role="presentation" width="100%" cellpadding="0" cellspacing="0" style="width:100%;border:1px solid #d8e3f2;border-radius:12px;background-color:#f9fbff">\u000a        <tr>\u000a          <td style="padding:20px">\u000a            <table role="presentation" width="100%" cellpadding="0" cellspacing="0" style="width:100%">\u000a              <tr>\u000a                <td colspan="2" style="font-size:15px;font-weight:600;color:#1d4ed8;padding-bottom:12px">\u000a                  Récapitulatif de la facture\u000a                </td>\u000a              </tr>\u000a              <tr>\u000a                <td style="border-bottom:1px solid #e2e8f0;padding:10px 0;font-size:14px;color:#334155">\u000a                  Montant TTC\u000a                </td>\u000a                <td style="border-bottom:1px solid #e2e8f0;padding:10px 0;font-size:18px;color:#1d4ed8;font-weight:700;text-align:right">\u000a                  380,000 DT\u000a                </td>\u000a              </tr>\u000a              <tr>\u000a                <td style="border-bottom:1px solid #e2e8f0;padding:10px 0;font-size:14px;color:#334155">\u000a                  Montant payé\u000a                </td>\u000a                <td style="border-bottom:1px solid #e2e8f0;padding:10px 0;font-size:14px;color:#0f172a;font-weight:600;text-align:right">\u000a                  0,000 DT\u000a                </td>\u000a              </tr>\u000a              <tr>\u000a                <td style="border-bottom:1px solid #e2e8f0;padding:10px 0;font-size:14px;color:#334155">\u000a                  Solde restant\u000a                </td>\u000a                <td style="border-bottom:1px solid #e2e8f0;padding:10px 0;font-size:14px;color:#dc2626;font-weight:600;text-align:right">\u000a                  380,000 DT\u000a                </td>\u000a              </tr>\u000a              <tr>\u000a                <td style="padding-top:10px;font-size:14px;color:#334155">\u000a                  Échéance\u000a                </td>\u000a                <td style="padding-top:10px;font-size:14px;color:#0f172a;font-weight:600;text-align:right">\u000a                  \u000a                </td>\u000a              </tr>\u000a            </table>\u000a          </td>\u000a        </tr>\u000a      </table>\u000a    </td>\u000a  </tr>\u000a  <tr>\u000a    <td style="padding-bottom:16px;font-size:15px;line-height:1.6;color:#334155">\u000a      Merci d''effectuer le règlement selon les modalités habituelles. Pour un virement, pensez à rappeler la référence <strong>FAC-0002</strong>.\u000a    </td>\u000a  </tr>\u000a  <tr>\u000a    <td style="padding-bottom:20px;font-size:15px;line-height:1.6;color:#334155">\u000a      Nous restons disponibles pour toute question complémentaire.\u000a    </td>\u000a  </tr>\u000a  <tr>\u000a    <td style="font-size:15px;line-height:1.6;color:#0f172a;font-weight:600">\u000a      Techno Smart\u000a    </td>\u000a  </tr>\u000a  <tr>\u000a    <td style="font-size:13px;line-height:1.5;color:#64748b">\u000a      support@techno-smart.tn · +216 99 699 280\u000a    </td>\u000a  </tr>\u000a  <tr>\u000a    <td style="font-size:13px;line-height:1.5;color:#64748b">\u000a      Rue Mohamed Kacem - Tazarka 8024 - Nabeul, Tunisie\u000a    </td>\u000a  </tr>\u000a</table>'),1762336419691,'ENVOYE',NULL,1762336419693);
INSERT INTO EmailLog VALUES('cmhltydkd0001podetmqqabyv','cmhj8mbrc0007potkyzck5wsk','FACTURE','cmhltlhwz0005poprzrw4kkfq','brinisaziz@gmail.com','Facture FAC-0002',unistr('<table role="presentation" width="100%" cellpadding="0" cellspacing="0" style="width:100%;border-collapse:separate;border-spacing:0;font-family:''Segoe UI'',''Helvetica Neue'',Arial,''Liberation Sans'',sans-serif;color:#0f172a">\u000a  <tr>\u000a    <td style="padding-bottom:12px">\u000a      <span style="display:inline-block;padding:6px 12px;border-radius:999px;background-color:#dbeafe;color:#1d4ed8;font-size:12px;font-weight:600;letter-spacing:0.08em;text-transform:uppercase">Facturation</span>\u000a    </td>\u000a  </tr>\u000a  <tr>\u000a    <td style="padding-bottom:12px;font-size:22px;font-weight:600;color:#0f172a">\u000a      Facture FAC-0002\u000a    </td>\u000a  </tr>\u000a  <tr>\u000a    <td style="padding-bottom:16px">\u000a      <span style="display:inline-block;padding:8px 16px;border-radius:999px;background-color:#e0f2fe;color:#0369a1;font-size:13px;font-weight:600">Émise le 05/11/2025</span>\u000a    </td>\u000a  </tr>\u000a  <tr>\u000a    <td style="padding-bottom:16px;font-size:15px;line-height:1.6;color:#334155">\u000a      Bonjour Aziz Brinis,\u000a    </td>\u000a  </tr>\u000a  <tr>\u000a    <td style="padding-bottom:16px;font-size:15px;line-height:1.6;color:#334155">\u000a      Merci de trouver ci-joint la facture correspondant à Aziz Brinis. Nous apprécions votre confiance et restons à votre disposition pour toute précision.\u000a    </td>\u000a  </tr>\u000a  <tr>\u000a    <td style="padding-bottom:20px">\u000a      <table role="presentation" width="100%" cellpadding="0" cellspacing="0" style="width:100%;border-collapse:separate;border-spacing:0;border:1px solid #d8e3f2;border-radius:12px;background-color:#f9fbff">\u000a        <tr>\u000a          <td style="padding:20px">\u000a            <table role="presentation" width="100%" cellpadding="0" cellspacing="0" style="width:100%;border-collapse:collapse">\u000a              <tr>\u000a                <td colspan="2" style="font-size:15px;font-weight:600;color:#1d4ed8;padding-bottom:12px">\u000a                  Récapitulatif de la facture\u000a                </td>\u000a              </tr>\u000a              <tr>\u000a                <td style="padding:12px 0;font-size:14px;color:#334155;border-bottom:1px solid #e2e8f0">\u000a                  Montant TTC\u000a                </td>\u000a                <td style="padding:12px 0;font-size:18px;color:#1d4ed8;font-weight:700;text-align:right;border-bottom:1px solid #e2e8f0">\u000a                  380,000 DT\u000a                </td>\u000a              </tr>\u000a              <tr>\u000a                <td style="padding:12px 0;font-size:14px;color:#334155;border-bottom:1px solid #e2e8f0">\u000a                  Montant payé\u000a                </td>\u000a                <td style="padding:12px 0;font-size:14px;color:#0f172a;font-weight:600;text-align:right;border-bottom:1px solid #e2e8f0">\u000a                  0,000 DT\u000a                </td>\u000a              </tr>\u000a              <tr>\u000a                <td style="padding:12px 0;font-size:14px;color:#334155;border-bottom:1px solid #e2e8f0">\u000a                  Solde restant\u000a                </td>\u000a                <td style="padding:12px 0;font-size:14px;color:#dc2626;font-weight:600;text-align:right;border-bottom:1px solid #e2e8f0">\u000a                  380,000 DT\u000a                </td>\u000a              </tr>\u000a              <tr>\u000a                <td style="padding:12px 0;font-size:14px;color:#334155;border-top:1px solid #e2e8f0">\u000a                  Échéance\u000a                </td>\u000a                <td style="padding:12px 0;font-size:14px;color:#0f172a;font-weight:600;text-align:right;border-top:1px solid #e2e8f0;border-bottom:0">\u000a                  \u000a                </td>\u000a              </tr>\u000a            </table>\u000a          </td>\u000a        </tr>\u000a      </table>\u000a    </td>\u000a  </tr>\u000a  <tr>\u000a    <td style="padding-bottom:16px;font-size:15px;line-height:1.6;color:#334155">\u000a      Merci d''effectuer le règlement selon les modalités habituelles. Pour un virement, pensez à rappeler la référence <strong>FAC-0002</strong>.\u000a    </td>\u000a  </tr>\u000a  <tr>\u000a    <td style="padding-bottom:20px;font-size:15px;line-height:1.6;color:#334155">\u000a      Nous restons disponibles pour toute question complémentaire.\u000a    </td>\u000a  </tr>\u000a  <tr>\u000a    <td style="font-size:15px;line-height:1.6;color:#0f172a;font-weight:600">\u000a      Techno Smart\u000a    </td>\u000a  </tr>\u000a  <tr>\u000a    <td style="font-size:13px;line-height:1.5;color:#64748b">\u000a      support@techno-smart.tn · +216 99 699 280\u000a    </td>\u000a  </tr>\u000a  <tr>\u000a    <td style="font-size:13px;line-height:1.5;color:#64748b">\u000a      Rue Mohamed Kacem - Tazarka 8024 - Nabeul, Tunisie\u000a    </td>\u000a  </tr>\u000a</table>'),1762337012268,'ENVOYE',NULL,1762337012270);
INSERT INTO EmailLog VALUES('cmhluau9u0007poojyq0b3wu2','cmhj8mbrc0007potkyzck5wsk','DEVIS','cmhluaegw0001poojysuqcvle','brinisaziz@gmail.com','Devis DEV-0004',unistr('<table role="presentation" width="100%" cellpadding="0" cellspacing="0" style="width:100%;border-collapse:separate;border-spacing:0;font-family:''Segoe UI'',''Helvetica Neue'',Arial,''Liberation Sans'',sans-serif;color:#0f172a">\u000a  <tr>\u000a    <td style="padding-bottom:12px">\u000a      <span style="display:inline-block;padding:6px 12px;border-radius:999px;background-color:#dbeafe;color:#1d4ed8;font-size:12px;font-weight:600;letter-spacing:0.08em;text-transform:uppercase">Proposition commerciale</span>\u000a    </td>\u000a  </tr>\u000a  <tr>\u000a    <td style="padding-bottom:12px;font-size:22px;font-weight:600;color:#0f172a">\u000a      Devis pour Aziz Brinis\u000a    </td>\u000a  </tr>\u000a  <tr>\u000a    <td style="padding-bottom:16px">\u000a      <span style="display:inline-block;padding:8px 16px;border-radius:999px;background-color:#1d4ed8;color:#ffffff;font-size:13px;font-weight:600">Devis n° DEV-0004</span>\u000a    </td>\u000a  </tr>\u000a  <tr>\u000a    <td style="padding-bottom:16px;font-size:15px;line-height:1.6;color:#334155">\u000a      Bonjour Aziz Brinis,\u000a    </td>\u000a  </tr>\u000a  <tr>\u000a    <td style="padding-bottom:16px;font-size:15px;line-height:1.6;color:#334155">\u000a      Vous trouverez ci-joint le devis établi le 05/11/2025 pour Aziz Brinis. Nous restons disponibles pour ajuster cette proposition et répondre à vos questions.\u000a    </td>\u000a  </tr>\u000a  <tr>\u000a    <td style="padding-bottom:20px">\u000a      <table role="presentation" width="100%" cellpadding="0" cellspacing="0" style="width:100%;border-collapse:separate;border-spacing:0;border:1px solid #d8e3f2;border-radius:12px;background-color:#f9fbff">\u000a        <tr>\u000a          <td style="padding:20px">\u000a            <table role="presentation" width="100%" cellpadding="0" cellspacing="0" style="width:100%;border-collapse:collapse">\u000a              <tr>\u000a                <td colspan="2" style="font-size:15px;font-weight:600;color:#1d4ed8;padding-bottom:12px">\u000a                  Résumé du devis\u000a                </td>\u000a              </tr>\u000a              <tr>\u000a                <td style="padding:12px 0;font-size:14px;color:#334155;border-bottom:1px solid #e2e8f0">\u000a                  Montant HT\u000a                </td>\u000a                <td style="padding:12px 0;font-size:14px;color:#0f172a;font-weight:600;text-align:right;border-bottom:1px solid #e2e8f0">\u000a                  1 895,000 DT\u000a                </td>\u000a              </tr>\u000a              <tr>\u000a                <td style="padding:12px 0;font-size:14px;color:#334155;border-bottom:1px solid #e2e8f0">\u000a                  TVA\u000a                </td>\u000a                <td style="padding:12px 0;font-size:14px;color:#0f172a;font-weight:600;text-align:right;border-bottom:1px solid #e2e8f0">\u000a                  360,050 DT\u000a                </td>\u000a              </tr>\u000a              <tr>\u000a                <td style="padding:12px 0;font-size:14px;color:#334155;border-bottom:1px solid #e2e8f0">\u000a                  Montant TTC\u000a                </td>\u000a                <td style="padding:12px 0;font-size:18px;color:#1d4ed8;font-weight:700;text-align:right;border-bottom:1px solid #e2e8f0">\u000a                  2 256,050 DT\u000a                </td>\u000a              </tr>\u000a              <tr>\u000a                <td style="padding:12px 0;font-size:14px;color:#334155;border-top:1px solid #e2e8f0">\u000a                  Validité\u000a                </td>\u000a                <td style="padding:12px 0;font-size:14px;color:#0f172a;font-weight:600;text-align:right;border-top:1px solid #e2e8f0;border-bottom:0">\u000a                  \u000a                </td>\u000a              </tr>\u000a            </table>\u000a          </td>\u000a        </tr>\u000a      </table>\u000a    </td>\u000a  </tr>\u000a  <tr>\u000a    <td style="padding-bottom:16px;font-size:15px;line-height:1.6;color:#334155">\u000a      Si vous souhaitez planifier une réunion pour détailler les prochaines étapes, faites-le nous savoir.\u000a    </td>\u000a  </tr>\u000a  <tr>\u000a    <td style="padding-bottom:8px;font-size:15px;line-height:1.6;color:#334155">\u000a      Merci pour votre confiance.\u000a    </td>\u000a  </tr>\u000a  <tr>\u000a    <td style="font-size:15px;line-height:1.6;color:#0f172a;font-weight:600">\u000a      Techno Smart\u000a    </td>\u000a  </tr>\u000a  <tr>\u000a    <td style="font-size:13px;line-height:1.5;color:#64748b">\u000a      support@techno-smart.tn · +216 99 699 280\u000a    </td>\u000a  </tr>\u000a  <tr>\u000a    <td style="font-size:13px;line-height:1.5;color:#64748b">\u000a      Rue Mohamed Kacem - Tazarka 8024 - Nabeul, Tunisie\u000a    </td>\u000a  </tr>\u000a</table>'),1762337593792,'ENVOYE',NULL,1762337593794);
INSERT INTO EmailLog VALUES('cmhlubt29000bpoojn0n2o86j','cmhj8mbrc0007potkyzck5wsk','DEVIS','cmhluaegw0001poojysuqcvle','brinisaziz@gmail.com','Devis DEV-0004',unistr('<table role="presentation" width="100%" cellpadding="0" cellspacing="0" style="width:100%;border-collapse:separate;border-spacing:0;font-family:''Segoe UI'',''Helvetica Neue'',Arial,''Liberation Sans'',sans-serif;color:#0f172a">\u000a  <tr>\u000a    <td style="padding-bottom:12px">\u000a      <span style="display:inline-block;padding:6px 12px;border-radius:999px;background-color:#dbeafe;color:#1d4ed8;font-size:12px;font-weight:600;letter-spacing:0.08em;text-transform:uppercase">Proposition commerciale</span>\u000a    </td>\u000a  </tr>\u000a  <tr>\u000a    <td style="padding-bottom:12px;font-size:22px;font-weight:600;color:#0f172a">\u000a      Devis pour Aziz Brinis\u000a    </td>\u000a  </tr>\u000a  <tr>\u000a    <td style="padding-bottom:16px">\u000a      <span style="display:inline-block;padding:8px 16px;border-radius:999px;background-color:#1d4ed8;color:#ffffff;font-size:13px;font-weight:600">Devis n° DEV-0004</span>\u000a    </td>\u000a  </tr>\u000a  <tr>\u000a    <td style="padding-bottom:16px;font-size:15px;line-height:1.6;color:#334155">\u000a      Bonjour Aziz Brinis,\u000a    </td>\u000a  </tr>\u000a  <tr>\u000a    <td style="padding-bottom:16px;font-size:15px;line-height:1.6;color:#334155">\u000a      Vous trouverez ci-joint le devis établi le 05/11/2025 pour Aziz Brinis. Nous restons disponibles pour ajuster cette proposition et répondre à vos questions.\u000a    </td>\u000a  </tr>\u000a  <tr>\u000a    <td style="padding-bottom:20px">\u000a      <table role="presentation" width="100%" cellpadding="0" cellspacing="0" style="width:100%;border-collapse:separate;border-spacing:0;border:1px solid #d8e3f2;border-radius:12px;background-color:#f9fbff">\u000a        <tr>\u000a          <td style="padding:20px">\u000a            <table role="presentation" width="100%" cellpadding="0" cellspacing="0" style="width:100%;border-collapse:collapse">\u000a              <tr>\u000a                <td colspan="2" style="font-size:15px;font-weight:600;color:#1d4ed8;padding-bottom:12px">\u000a                  Résumé du devis\u000a                </td>\u000a              </tr>\u000a              <tr>\u000a                <td style="padding:12px 0;font-size:14px;color:#334155;border-bottom:1px solid #e2e8f0">\u000a                  Montant HT\u000a                </td>\u000a                <td style="padding:12px 0;font-size:14px;color:#0f172a;font-weight:600;text-align:right;border-bottom:1px solid #e2e8f0">\u000a                  1 895,000 DT\u000a                </td>\u000a              </tr>\u000a              <tr>\u000a                <td style="padding:12px 0;font-size:14px;color:#334155;border-bottom:1px solid #e2e8f0">\u000a                  TVA\u000a                </td>\u000a                <td style="padding:12px 0;font-size:14px;color:#0f172a;font-weight:600;text-align:right;border-bottom:1px solid #e2e8f0">\u000a                  358,150 DT\u000a                </td>\u000a              </tr>\u000a              <tr>\u000a                <td style="padding:12px 0;font-size:14px;color:#334155;border-bottom:1px solid #e2e8f0">\u000a                  Montant TTC\u000a                </td>\u000a                <td style="padding:12px 0;font-size:18px;color:#1d4ed8;font-weight:700;text-align:right;border-bottom:1px solid #e2e8f0">\u000a                  2 244,150 DT\u000a                </td>\u000a              </tr>\u000a              <tr>\u000a                <td style="padding:12px 0;font-size:14px;color:#334155;border-top:1px solid #e2e8f0">\u000a                  Validité\u000a                </td>\u000a                <td style="padding:12px 0;font-size:14px;color:#0f172a;font-weight:600;text-align:right;border-top:1px solid #e2e8f0;border-bottom:0">\u000a                  \u000a                </td>\u000a              </tr>\u000a            </table>\u000a          </td>\u000a        </tr>\u000a      </table>\u000a    </td>\u000a  </tr>\u000a  <tr>\u000a    <td style="padding-bottom:16px;font-size:15px;line-height:1.6;color:#334155">\u000a      Si vous souhaitez planifier une réunion pour détailler les prochaines étapes, faites-le nous savoir.\u000a    </td>\u000a  </tr>\u000a  <tr>\u000a    <td style="padding-bottom:8px;font-size:15px;line-height:1.6;color:#334155">\u000a      Merci pour votre confiance.\u000a    </td>\u000a  </tr>\u000a  <tr>\u000a    <td style="font-size:15px;line-height:1.6;color:#0f172a;font-weight:600">\u000a      Techno Smart\u000a    </td>\u000a  </tr>\u000a  <tr>\u000a    <td style="font-size:13px;line-height:1.5;color:#64748b">\u000a      support@techno-smart.tn · +216 99 699 280\u000a    </td>\u000a  </tr>\u000a  <tr>\u000a    <td style="font-size:13px;line-height:1.5;color:#64748b">\u000a      Rue Mohamed Kacem - Tazarka 8024 - Nabeul, Tunisie\u000a    </td>\u000a  </tr>\u000a</table>'),1762337638879,'ENVOYE',NULL,1762337638881);
INSERT INTO EmailLog VALUES('cmhlyzogt000lpo21zp259i7a','cmhj8mbrc0007potkyzck5wsk','DEVIS','cmhlyzdsb000hpo21dfe2gdz6','brinisfehri@gmail.com','Devis DEV-0005',unistr('<table role="presentation" width="100%" cellpadding="0" cellspacing="0" style="width:100%;border-collapse:separate;border-spacing:0;font-family:''Segoe UI'',''Helvetica Neue'',Arial,''Liberation Sans'',sans-serif;color:#0f172a">\u000a  <tr>\u000a    <td style="padding-bottom:12px">\u000a      <span style="display:inline-block;padding:6px 12px;border-radius:999px;background-color:#dbeafe;color:#1d4ed8;font-size:12px;font-weight:600;letter-spacing:0.08em;text-transform:uppercase">Proposition commerciale</span>\u000a    </td>\u000a  </tr>\u000a  <tr>\u000a    <td style="padding-bottom:12px;font-size:22px;font-weight:600;color:#0f172a">\u000a      Devis pour Fehri Brinis\u000a    </td>\u000a  </tr>\u000a  <tr>\u000a    <td style="padding-bottom:16px">\u000a      <span style="display:inline-block;padding:8px 16px;border-radius:999px;background-color:#1d4ed8;color:#ffffff;font-size:13px;font-weight:600">Devis n° DEV-0005</span>\u000a    </td>\u000a  </tr>\u000a  <tr>\u000a    <td style="padding-bottom:16px;font-size:15px;line-height:1.6;color:#334155">\u000a      Bonjour Fehri Brinis,\u000a    </td>\u000a  </tr>\u000a  <tr>\u000a    <td style="padding-bottom:16px;font-size:15px;line-height:1.6;color:#334155">\u000a      Vous trouverez ci-joint le devis établi le 05/11/2025 pour Fehri Brinis. Nous restons disponibles pour ajuster cette proposition et répondre à vos questions.\u000a    </td>\u000a  </tr>\u000a  <tr>\u000a    <td style="padding-bottom:20px">\u000a      <table role="presentation" width="100%" cellpadding="0" cellspacing="0" style="width:100%;border-collapse:separate;border-spacing:0;border:1px solid #d8e3f2;border-radius:12px;background-color:#f9fbff">\u000a        <tr>\u000a          <td style="padding:20px">\u000a            <table role="presentation" width="100%" cellpadding="0" cellspacing="0" style="width:100%;border-collapse:collapse">\u000a              <tr>\u000a                <td colspan="2" style="font-size:15px;font-weight:600;color:#1d4ed8;padding-bottom:12px">\u000a                  Résumé du devis\u000a                </td>\u000a              </tr>\u000a              <tr>\u000a                <td style="padding:12px 0;font-size:14px;color:#334155;border-bottom:1px solid #e2e8f0">\u000a                  Montant HT\u000a                </td>\u000a                <td style="padding:12px 0;font-size:14px;color:#0f172a;font-weight:600;text-align:right;border-bottom:1px solid #e2e8f0">\u000a                  189,000 DT\u000a                </td>\u000a              </tr>\u000a              <tr>\u000a                <td style="padding:12px 0;font-size:14px;color:#334155;border-bottom:1px solid #e2e8f0">\u000a                  TVA\u000a                </td>\u000a                <td style="padding:12px 0;font-size:14px;color:#0f172a;font-weight:600;text-align:right;border-bottom:1px solid #e2e8f0">\u000a                  13,230 DT\u000a                </td>\u000a              </tr>\u000a              <tr>\u000a                <td style="padding:12px 0;font-size:14px;color:#334155;border-bottom:1px solid #e2e8f0">\u000a                  Montant TTC\u000a                </td>\u000a                <td style="padding:12px 0;font-size:18px;color:#1d4ed8;font-weight:700;text-align:right;border-bottom:1px solid #e2e8f0">\u000a                  203,230 DT\u000a                </td>\u000a              </tr>\u000a              <tr>\u000a                <td style="padding:12px 0;font-size:14px;color:#334155;border-top:1px solid #e2e8f0">\u000a                  Validité\u000a                </td>\u000a                <td style="padding:12px 0;font-size:14px;color:#0f172a;font-weight:600;text-align:right;border-top:1px solid #e2e8f0;border-bottom:0">\u000a                  \u000a                </td>\u000a              </tr>\u000a            </table>\u000a          </td>\u000a        </tr>\u000a      </table>\u000a    </td>\u000a  </tr>\u000a  <tr>\u000a    <td style="padding-bottom:16px;font-size:15px;line-height:1.6;color:#334155">\u000a      Si vous souhaitez planifier une réunion pour détailler les prochaines étapes, faites-le nous savoir.\u000a    </td>\u000a  </tr>\u000a  <tr>\u000a    <td style="padding-bottom:8px;font-size:15px;line-height:1.6;color:#334155">\u000a      Merci pour votre confiance.\u000a    </td>\u000a  </tr>\u000a  <tr>\u000a    <td style="font-size:15px;line-height:1.6;color:#0f172a;font-weight:600">\u000a      Techno Smart\u000a    </td>\u000a  </tr>\u000a  <tr>\u000a    <td style="font-size:13px;line-height:1.5;color:#64748b">\u000a      support@techno-smart.tn · +216 99 699 280\u000a    </td>\u000a  </tr>\u000a  <tr>\u000a    <td style="font-size:13px;line-height:1.5;color:#64748b">\u000a      Rue Mohamed Kacem - Tazarka 8024 - Nabeul, Tunisie\u000a    </td>\u000a  </tr>\u000a</table>'),1762345471131,'ENVOYE',NULL,1762345471133);
INSERT INTO EmailLog VALUES('cmhlz0v9t000rpo21dvzzzzby','cmhj8mbrc0007potkyzck5wsk','FACTURE','cmhlz0io2000npo21cv65kgij','brinisfehri@gmail.com','Facture FAC-0003',unistr('<table role="presentation" width="100%" cellpadding="0" cellspacing="0" style="width:100%;border-collapse:separate;border-spacing:0;font-family:''Segoe UI'',''Helvetica Neue'',Arial,''Liberation Sans'',sans-serif;color:#0f172a">\u000a  <tr>\u000a    <td style="padding-bottom:12px">\u000a      <span style="display:inline-block;padding:6px 12px;border-radius:999px;background-color:#dbeafe;color:#1d4ed8;font-size:12px;font-weight:600;letter-spacing:0.08em;text-transform:uppercase">Facturation</span>\u000a    </td>\u000a  </tr>\u000a  <tr>\u000a    <td style="padding-bottom:12px;font-size:22px;font-weight:600;color:#0f172a">\u000a      Facture FAC-0003\u000a    </td>\u000a  </tr>\u000a  <tr>\u000a    <td style="padding-bottom:16px">\u000a      <span style="display:inline-block;padding:8px 16px;border-radius:999px;background-color:#e0f2fe;color:#0369a1;font-size:13px;font-weight:600">Émise le 05/11/2025</span>\u000a    </td>\u000a  </tr>\u000a  <tr>\u000a    <td style="padding-bottom:16px;font-size:15px;line-height:1.6;color:#334155">\u000a      Bonjour Fehri Brinis,\u000a    </td>\u000a  </tr>\u000a  <tr>\u000a    <td style="padding-bottom:16px;font-size:15px;line-height:1.6;color:#334155">\u000a      Merci de trouver ci-joint la facture correspondant à Fehri Brinis. Nous apprécions votre confiance et restons à votre disposition pour toute précision.\u000a    </td>\u000a  </tr>\u000a  <tr>\u000a    <td style="padding-bottom:20px">\u000a      <table role="presentation" width="100%" cellpadding="0" cellspacing="0" style="width:100%;border-collapse:separate;border-spacing:0;border:1px solid #d8e3f2;border-radius:12px;background-color:#f9fbff">\u000a        <tr>\u000a          <td style="padding:20px">\u000a            <table role="presentation" width="100%" cellpadding="0" cellspacing="0" style="width:100%;border-collapse:collapse">\u000a              <tr>\u000a                <td colspan="2" style="font-size:15px;font-weight:600;color:#1d4ed8;padding-bottom:12px">\u000a                  Récapitulatif de la facture\u000a                </td>\u000a              </tr>\u000a              <tr>\u000a                <td style="padding:12px 0;font-size:14px;color:#334155;border-bottom:1px solid #e2e8f0">\u000a                  Montant TTC\u000a                </td>\u000a                <td style="padding:12px 0;font-size:18px;color:#1d4ed8;font-weight:700;text-align:right;border-bottom:1px solid #e2e8f0">\u000a                  203,230 DT\u000a                </td>\u000a              </tr>\u000a              <tr>\u000a                <td style="padding:12px 0;font-size:14px;color:#334155;border-bottom:1px solid #e2e8f0">\u000a                  Montant payé\u000a                </td>\u000a                <td style="padding:12px 0;font-size:14px;color:#0f172a;font-weight:600;text-align:right;border-bottom:1px solid #e2e8f0">\u000a                  0,000 DT\u000a                </td>\u000a              </tr>\u000a              <tr>\u000a                <td style="padding:12px 0;font-size:14px;color:#334155;border-bottom:1px solid #e2e8f0">\u000a                  Solde restant\u000a                </td>\u000a                <td style="padding:12px 0;font-size:14px;color:#dc2626;font-weight:600;text-align:right;border-bottom:1px solid #e2e8f0">\u000a                  203,230 DT\u000a                </td>\u000a              </tr>\u000a              <tr>\u000a                <td style="padding:12px 0;font-size:14px;color:#334155;border-top:1px solid #e2e8f0">\u000a                  Échéance\u000a                </td>\u000a                <td style="padding:12px 0;font-size:14px;color:#0f172a;font-weight:600;text-align:right;border-top:1px solid #e2e8f0;border-bottom:0">\u000a                  \u000a                </td>\u000a              </tr>\u000a            </table>\u000a          </td>\u000a        </tr>\u000a      </table>\u000a    </td>\u000a  </tr>\u000a  <tr>\u000a    <td style="padding-bottom:16px;font-size:15px;line-height:1.6;color:#334155">\u000a      Merci d''effectuer le règlement selon les modalités habituelles. Pour un virement, pensez à rappeler la référence <strong>FAC-0003</strong>.\u000a    </td>\u000a  </tr>\u000a  <tr>\u000a    <td style="padding-bottom:20px;font-size:15px;line-height:1.6;color:#334155">\u000a      Nous restons disponibles pour toute question complémentaire.\u000a    </td>\u000a  </tr>\u000a  <tr>\u000a    <td style="font-size:15px;line-height:1.6;color:#0f172a;font-weight:600">\u000a      Techno Smart\u000a    </td>\u000a  </tr>\u000a  <tr>\u000a    <td style="font-size:13px;line-height:1.5;color:#64748b">\u000a      support@techno-smart.tn · +216 99 699 280\u000a    </td>\u000a  </tr>\u000a  <tr>\u000a    <td style="font-size:13px;line-height:1.5;color:#64748b">\u000a      Rue Mohamed Kacem - Tazarka 8024 - Nabeul, Tunisie\u000a    </td>\u000a  </tr>\u000a</table>'),1762345526607,'ENVOYE',NULL,1762345526609);
INSERT INTO EmailLog VALUES('cmhlz1l3d000vpo21ntz8qk3b','cmhj8mbrc0007potkyzck5wsk','FACTURE','cmhlz0io2000npo21cv65kgij','brinisfehri@gmail.com','Facture FAC-0003',unistr('<table role="presentation" width="100%" cellpadding="0" cellspacing="0" style="width:100%;border-collapse:separate;border-spacing:0;font-family:''Segoe UI'',''Helvetica Neue'',Arial,''Liberation Sans'',sans-serif;color:#0f172a">\u000a  <tr>\u000a    <td style="padding-bottom:12px">\u000a      <span style="display:inline-block;padding:6px 12px;border-radius:999px;background-color:#dbeafe;color:#1d4ed8;font-size:12px;font-weight:600;letter-spacing:0.08em;text-transform:uppercase">Facturation</span>\u000a    </td>\u000a  </tr>\u000a  <tr>\u000a    <td style="padding-bottom:12px;font-size:22px;font-weight:600;color:#0f172a">\u000a      Facture FAC-0003\u000a    </td>\u000a  </tr>\u000a  <tr>\u000a    <td style="padding-bottom:16px">\u000a      <span style="display:inline-block;padding:8px 16px;border-radius:999px;background-color:#e0f2fe;color:#0369a1;font-size:13px;font-weight:600">Émise le 05/11/2025</span>\u000a    </td>\u000a  </tr>\u000a  <tr>\u000a    <td style="padding-bottom:16px;font-size:15px;line-height:1.6;color:#334155">\u000a      Bonjour Fehri Brinis,\u000a    </td>\u000a  </tr>\u000a  <tr>\u000a    <td style="padding-bottom:16px;font-size:15px;line-height:1.6;color:#334155">\u000a      Merci de trouver ci-joint la facture correspondant à Fehri Brinis. Nous apprécions votre confiance et restons à votre disposition pour toute précision.\u000a    </td>\u000a  </tr>\u000a  <tr>\u000a    <td style="padding-bottom:20px">\u000a      <table role="presentation" width="100%" cellpadding="0" cellspacing="0" style="width:100%;border-collapse:separate;border-spacing:0;border:1px solid #d8e3f2;border-radius:12px;background-color:#f9fbff">\u000a        <tr>\u000a          <td style="padding:20px">\u000a            <table role="presentation" width="100%" cellpadding="0" cellspacing="0" style="width:100%;border-collapse:collapse">\u000a              <tr>\u000a                <td colspan="2" style="font-size:15px;font-weight:600;color:#1d4ed8;padding-bottom:12px">\u000a                  Récapitulatif de la facture\u000a                </td>\u000a              </tr>\u000a              <tr>\u000a                <td style="padding:12px 0;font-size:14px;color:#334155;border-bottom:1px solid #e2e8f0">\u000a                  Montant TTC\u000a                </td>\u000a                <td style="padding:12px 0;font-size:18px;color:#1d4ed8;font-weight:700;text-align:right;border-bottom:1px solid #e2e8f0">\u000a                  203,230 DT\u000a                </td>\u000a              </tr>\u000a              <tr>\u000a                <td style="padding:12px 0;font-size:14px;color:#334155;border-bottom:1px solid #e2e8f0">\u000a                  Montant payé\u000a                </td>\u000a                <td style="padding:12px 0;font-size:14px;color:#0f172a;font-weight:600;text-align:right;border-bottom:1px solid #e2e8f0">\u000a                  203,230 DT\u000a                </td>\u000a              </tr>\u000a              <tr>\u000a                <td style="padding:12px 0;font-size:14px;color:#334155;border-bottom:1px solid #e2e8f0">\u000a                  Solde restant\u000a                </td>\u000a                <td style="padding:12px 0;font-size:14px;color:#dc2626;font-weight:600;text-align:right;border-bottom:1px solid #e2e8f0">\u000a                  0,000 DT\u000a                </td>\u000a              </tr>\u000a              <tr>\u000a                <td style="padding:12px 0;font-size:14px;color:#334155;border-top:1px solid #e2e8f0">\u000a                  Échéance\u000a                </td>\u000a                <td style="padding:12px 0;font-size:14px;color:#0f172a;font-weight:600;text-align:right;border-top:1px solid #e2e8f0;border-bottom:0">\u000a                  \u000a                </td>\u000a              </tr>\u000a            </table>\u000a          </td>\u000a        </tr>\u000a      </table>\u000a    </td>\u000a  </tr>\u000a  <tr>\u000a    <td style="padding-bottom:16px;font-size:15px;line-height:1.6;color:#334155">\u000a      Merci d''effectuer le règlement selon les modalités habituelles. Pour un virement, pensez à rappeler la référence <strong>FAC-0003</strong>.\u000a    </td>\u000a  </tr>\u000a  <tr>\u000a    <td style="padding-bottom:20px;font-size:15px;line-height:1.6;color:#334155">\u000a      Nous restons disponibles pour toute question complémentaire.\u000a    </td>\u000a  </tr>\u000a  <tr>\u000a    <td style="font-size:15px;line-height:1.6;color:#0f172a;font-weight:600">\u000a      Techno Smart\u000a    </td>\u000a  </tr>\u000a  <tr>\u000a    <td style="font-size:13px;line-height:1.5;color:#64748b">\u000a      support@techno-smart.tn · +216 99 699 280\u000a    </td>\u000a  </tr>\u000a  <tr>\u000a    <td style="font-size:13px;line-height:1.5;color:#64748b">\u000a      Rue Mohamed Kacem - Tazarka 8024 - Nabeul, Tunisie\u000a    </td>\u000a  </tr>\u000a</table>'),1762345560071,'ENVOYE',NULL,1762345560073);
INSERT INTO EmailLog VALUES('cmhm6nd2h000mpo1q2rywqdj4','cmhj8mbrc0007potkyzck5wsk','FACTURE','cmhm6mn7z000hpo1qutmo276l','brinisfehri@gmail.com','Facture FAC-0004',unistr('<table role="presentation" width="100%" cellpadding="0" cellspacing="0" style="width:100%;border-collapse:separate;border-spacing:0;font-family:''Segoe UI'',''Helvetica Neue'',Arial,''Liberation Sans'',sans-serif;color:#0f172a">\u000a  <tr>\u000a    <td style="padding-bottom:12px">\u000a      <span style="display:inline-block;padding:6px 12px;border-radius:999px;background-color:#dbeafe;color:#1d4ed8;font-size:12px;font-weight:600;letter-spacing:0.08em;text-transform:uppercase">Facturation</span>\u000a    </td>\u000a  </tr>\u000a  <tr>\u000a    <td style="padding-bottom:12px;font-size:22px;font-weight:600;color:#0f172a">\u000a      Facture FAC-0004\u000a    </td>\u000a  </tr>\u000a  <tr>\u000a    <td style="padding-bottom:16px">\u000a      <span style="display:inline-block;padding:8px 16px;border-radius:999px;background-color:#e0f2fe;color:#0369a1;font-size:13px;font-weight:600">Émise le 05/11/2025</span>\u000a    </td>\u000a  </tr>\u000a  <tr>\u000a    <td style="padding-bottom:16px;font-size:15px;line-height:1.6;color:#334155">\u000a      Bonjour BokyVacations,\u000a    </td>\u000a  </tr>\u000a  <tr>\u000a    <td style="padding-bottom:16px;font-size:15px;line-height:1.6;color:#334155">\u000a      Merci de trouver ci-joint la facture correspondant à BokyVacations. Nous apprécions votre confiance et restons à votre disposition pour toute précision.\u000a    </td>\u000a  </tr>\u000a  <tr>\u000a    <td style="padding-bottom:20px">\u000a      <table role="presentation" width="100%" cellpadding="0" cellspacing="0" style="width:100%;border-collapse:separate;border-spacing:0;border:1px solid #d8e3f2;border-radius:12px;background-color:#f9fbff">\u000a        <tr>\u000a          <td style="padding:20px">\u000a            <table role="presentation" width="100%" cellpadding="0" cellspacing="0" style="width:100%;border-collapse:collapse">\u000a              <tr>\u000a                <td colspan="2" style="font-size:15px;font-weight:600;color:#1d4ed8;padding-bottom:12px">\u000a                  Récapitulatif de la facture\u000a                </td>\u000a              </tr>\u000a              <tr>\u000a                <td style="padding:12px 0;font-size:14px;color:#334155;border-bottom:1px solid #e2e8f0">\u000a                  Montant TTC\u000a                </td>\u000a                <td style="padding:12px 0;font-size:18px;color:#1d4ed8;font-weight:700;text-align:right;border-bottom:1px solid #e2e8f0">\u000a                  323,230 DT\u000a                </td>\u000a              </tr>\u000a              <tr>\u000a                <td style="padding:12px 0;font-size:14px;color:#334155;border-bottom:1px solid #e2e8f0">\u000a                  Montant payé\u000a                </td>\u000a                <td style="padding:12px 0;font-size:14px;color:#0f172a;font-weight:600;text-align:right;border-bottom:1px solid #e2e8f0">\u000a                  0,000 DT\u000a                </td>\u000a              </tr>\u000a              <tr>\u000a                <td style="padding:12px 0;font-size:14px;color:#334155;border-bottom:1px solid #e2e8f0">\u000a                  Solde restant\u000a                </td>\u000a                <td style="padding:12px 0;font-size:14px;color:#dc2626;font-weight:600;text-align:right;border-bottom:1px solid #e2e8f0">\u000a                  323,230 DT\u000a                </td>\u000a              </tr>\u000a              <tr>\u000a                <td style="padding:12px 0;font-size:14px;color:#334155;border-top:1px solid #e2e8f0">\u000a                  Échéance\u000a                </td>\u000a                <td style="padding:12px 0;font-size:14px;color:#0f172a;font-weight:600;text-align:right;border-top:1px solid #e2e8f0;border-bottom:0">\u000a                  \u000a                </td>\u000a              </tr>\u000a            </table>\u000a          </td>\u000a        </tr>\u000a      </table>\u000a    </td>\u000a  </tr>\u000a  <tr>\u000a    <td style="padding-bottom:16px;font-size:15px;line-height:1.6;color:#334155">\u000a      Merci d''effectuer le règlement selon les modalités habituelles. Pour un virement, pensez à rappeler la référence <strong>FAC-0004</strong>.\u000a    </td>\u000a  </tr>\u000a  <tr>\u000a    <td style="padding-bottom:20px;font-size:15px;line-height:1.6;color:#334155">\u000a      Nous restons disponibles pour toute question complémentaire.\u000a    </td>\u000a  </tr>\u000a  <tr>\u000a    <td style="font-size:15px;line-height:1.6;color:#0f172a;font-weight:600">\u000a      Techno Smart\u000a    </td>\u000a  </tr>\u000a  <tr>\u000a    <td style="font-size:13px;line-height:1.5;color:#64748b">\u000a      support@techno-smart.tn · +216 99 699 280\u000a    </td>\u000a  </tr>\u000a  <tr>\u000a    <td style="font-size:13px;line-height:1.5;color:#64748b">\u000a      Rue Mohamed Kacem - Tazarka 8024 - Nabeul, Tunisie\u000a    </td>\u000a  </tr>\u000a</table>'),1762358333415,'ENVOYE',NULL,1762358333418);
CREATE TABLE IF NOT EXISTS "SpamDetectionLog" (
    "id" INTEGER NOT NULL PRIMARY KEY AUTOINCREMENT,
    "messageId" TEXT,
    "mailbox" TEXT NOT NULL,
    "targetMailbox" TEXT,
    "uid" INTEGER NOT NULL,
    "subject" TEXT,
    "sender" TEXT,
    "score" INTEGER NOT NULL,
    "threshold" INTEGER NOT NULL,
    "reasons" JSONB,
    "autoMoved" BOOLEAN NOT NULL DEFAULT false,
    "manual" BOOLEAN NOT NULL DEFAULT false,
    "actor" TEXT,
    "detectedAt" DATETIME NOT NULL DEFAULT CURRENT_TIMESTAMP,
    "createdAt" DATETIME NOT NULL DEFAULT CURRENT_TIMESTAMP,
    "updatedAt" DATETIME NOT NULL,
    "userId" TEXT NOT NULL,
    CONSTRAINT "SpamDetectionLog_userId_fkey" FOREIGN KEY ("userId") REFERENCES "User" ("id") ON DELETE CASCADE ON UPDATE CASCADE
);
INSERT INTO SpamDetectionLog VALUES(1,'<CAJa4YnixaYyFZQ6c4e1=Lyfn_cUo0dcSV599vyfVeManP98PzA@mail.gmail.com>','inbox',NULL,1586,'Re: DEMANDE D''UN DEVIS RENOUVELEMENT ABONNEMENT ADOBE CREATIVE','Sonia Ayari <undefined@undefined>',10,70,'["Sujet avec majuscules excessives"]',1,0,NULL,1762248908192,1762248908192,1762248908192,'cmhj8mbrc0007potkyzck5wsk');
INSERT INTO SpamDetectionLog VALUES(2,'<CAJa4Yng6LxzGxtwd7CCJo0n45ubPCEiATGfH8L0ShnT7Wj+w_g@mail.gmail.com>','inbox',NULL,1585,'DEMANDE D''UN DEVIS RENOUVELEMENT ABONNEMENT ADOBE CREATIVE','Sonia Ayari <undefined@undefined>',10,70,'["Sujet avec majuscules excessives"]',1,0,NULL,1762248908306,1762248908306,1762248908306,'cmhj8mbrc0007potkyzck5wsk');
INSERT INTO SpamDetectionLog VALUES(3,'<CAP9eorXgKDwOTCVTZAgXeLr8LS8w2wNp3brx-uU1f-Mcyjrd8w@mail.gmail.com>','inbox',NULL,1584,'Re: [Techno Smart] Confirmation de commande','SE Engineering <undefined@undefined>',20,70,'["Nombre de liens élevé (5)"]',1,0,NULL,1762248908523,1762248908523,1762248908523,'cmhj8mbrc0007potkyzck5wsk');
INSERT INTO SpamDetectionLog VALUES(4,'<CANMF9ro2xvOvfcvDOcxmSEGKWLoNPKp2P+SCvv6a9oR3YA-qcA@mail.gmail.com>','inbox',NULL,1581,'Re: Commande 725100','hamza zaghdoud <undefined@undefined>',0,70,'[]',1,0,NULL,1762248908627,1762248908627,1762248908627,'cmhj8mbrc0007potkyzck5wsk');
INSERT INTO SpamDetectionLog VALUES(5,'<CADifVEmMCA1fQz0KnzrVtKCvgAvG97GGLLga_V5TO92CWt99_w@mail.gmail.com>','inbox',NULL,1572,'hello','Aziz Brinis <undefined@undefined>',0,70,'[]',1,0,NULL,1762248908737,1762248908737,1762248908737,'cmhj8mbrc0007potkyzck5wsk');
INSERT INTO SpamDetectionLog VALUES(6,'<GV2PR10MB6235E2DEC6904EE8134ADDE5CCFBA@GV2PR10MB6235.EURPRD10.PROD.OUTLOOK.COM>','inbox',NULL,1569,'DEMANDE OFFRE DE PRIX','Rihab Bougarradh <undefined@undefined>',10,70,'["Sujet avec majuscules excessives"]',1,0,NULL,1762248908898,1762248908898,1762248908898,'cmhj8mbrc0007potkyzck5wsk');
INSERT INTO SpamDetectionLog VALUES(7,'<CADifVE=qZNdJR2L9HCi=-APs2pWZwRj1FmhLQ2CMe_9pSQ=5+w@mail.gmail.com>','inbox',NULL,1566,'Re: test','Aziz Brinis <undefined@undefined>',0,70,'[]',1,0,NULL,1762248908996,1762248908996,1762248908996,'cmhj8mbrc0007potkyzck5wsk');
INSERT INTO SpamDetectionLog VALUES(8,'<GV3P280MB1252F8415CBD9F38560BDDE3F0FDA@GV3P280MB1252.SWEP280.PROD.OUTLOOK.COM>','inbox',NULL,1564,'RE: Problème avec le logiciel Microsoft Project','m.benismail@kbrdistribution.com <undefined@undefined>',0,70,'[]',1,0,NULL,1762248909119,1762248909119,1762248909119,'cmhj8mbrc0007potkyzck5wsk');
INSERT INTO SpamDetectionLog VALUES(9,'<GV3P280MB1252151714C553FBA691DDBEF0FDA@GV3P280MB1252.SWEP280.PROD.OUTLOOK.COM>','inbox',NULL,1563,'RE: Problème avec le logiciel Microsoft Project','m.benismail@kbrdistribution.com <undefined@undefined>',0,70,'[]',1,0,NULL,1762248909297,1762248909297,1762248909297,'cmhj8mbrc0007potkyzck5wsk');
INSERT INTO SpamDetectionLog VALUES(10,'<PR1PR06MB5770F48159E0FBCFFAFA409BBDFCA@PR1PR06MB5770.eurprd06.prod.outlook.com>','inbox',NULL,1561,'3 eme acces','manel <undefined@undefined>',0,70,'[]',1,0,NULL,1762248909408,1762248909408,1762248909408,'cmhj8mbrc0007potkyzck5wsk');
INSERT INTO SpamDetectionLog VALUES(11,'<43c406fc88cd451e9e883367247da733@ipslab.com>','inbox',NULL,1560,'Demande de devis pour Adobe Acrobat Pro','Taoufik Chaieb <undefined@undefined>',0,70,'[]',1,0,NULL,1762248909553,1762248909553,1762248909553,'cmhj8mbrc0007potkyzck5wsk');
INSERT INTO SpamDetectionLog VALUES(12,'<AM6P191MB0341518DCE475E3FEEB9C3E7F0FCA@AM6P191MB0341.EURP191.PROD.OUTLOOK.COM>','inbox',NULL,1559,'bugs','Pol Guillard <undefined@undefined>',0,70,'[]',1,0,NULL,1762248909686,1762248909686,1762248909686,'cmhj8mbrc0007potkyzck5wsk');
INSERT INTO SpamDetectionLog VALUES(13,'<PR1PR06MB5770953A7BEA522564684090BDFCA@PR1PR06MB5770.eurprd06.prod.outlook.com>','inbox',NULL,1558,'RE: adobe','manel <undefined@undefined>',0,70,'[]',1,0,NULL,1762248909866,1762248909866,1762248909866,'cmhj8mbrc0007potkyzck5wsk');
INSERT INTO SpamDetectionLog VALUES(14,'<PR1PR06MB57705B7F6E435E053309AF57BDFCA@PR1PR06MB5770.eurprd06.prod.outlook.com>','inbox',NULL,1557,'Re: Commande 140129 - Action Requise','manel <undefined@undefined>',0,70,'[]',1,0,NULL,1762248910019,1762248910019,1762248910019,'cmhj8mbrc0007potkyzck5wsk');
INSERT INTO SpamDetectionLog VALUES(15,'<GV3P280MB1252CC803D9071F2ADCAAB54F0FCA@GV3P280MB1252.SWEP280.PROD.OUTLOOK.COM>','inbox',NULL,1556,'RE: Problème avec le logiciel Microsoft Project','m.benismail@kbrdistribution.com <undefined@undefined>',0,70,'[]',1,0,NULL,1762248910133,1762248910133,1762248910133,'cmhj8mbrc0007potkyzck5wsk');
INSERT INTO SpamDetectionLog VALUES(16,'<CAM72BjZ4TswK0A5--orAyZ1j08p7yEbrxLD2bOL42OEF_f++Eg@mail.gmail.com>','inbox',NULL,1555,'Re: Commande 148956','Anis Rebhi <undefined@undefined>',0,70,'[]',1,0,NULL,1762248910252,1762248910252,1762248910252,'cmhj8mbrc0007potkyzck5wsk');
INSERT INTO SpamDetectionLog VALUES(17,'<CAM72BjYoMrRq6qcHF3nVxo=11hUgq4ZEt1Zj72WCnUycn8cTiA@mail.gmail.com>','inbox',NULL,1554,'Re: Commande 148956','Anis Rebhi <undefined@undefined>',0,70,'[]',1,0,NULL,1762248910360,1762248910360,1762248910360,'cmhj8mbrc0007potkyzck5wsk');
INSERT INTO SpamDetectionLog VALUES(18,'<CAM72BjaL+VL-m6axeH3bYr1VXM6RnFf_wT5ym13Kc3PienfA9w@mail.gmail.com>','inbox',NULL,1553,'Re: Commande 148956','Anis Rebhi <undefined@undefined>',0,70,'[]',1,0,NULL,1762248910486,1762248910486,1762248910486,'cmhj8mbrc0007potkyzck5wsk');
INSERT INTO SpamDetectionLog VALUES(19,'<CAM72BjaXsCzw8Cv+RYQ2jCTEprvdYXEX4Sj3kMn=rQk1SJupRA@mail.gmail.com>','inbox',NULL,1552,'Re: Commande 148956','Anis Rebhi <undefined@undefined>',0,70,'[]',1,0,NULL,1762248910601,1762248910601,1762248910601,'cmhj8mbrc0007potkyzck5wsk');
INSERT INTO SpamDetectionLog VALUES(20,'<CAM72Bjbnj3RP3zvmxG_DGzYZP1oRc0v0F0Lbid2iW0PbCCHw1A@mail.gmail.com>','inbox',NULL,1551,'Re: Commande 148956','Anis Rebhi <undefined@undefined>',0,70,'[]',1,0,NULL,1762248910706,1762248910706,1762248910706,'cmhj8mbrc0007potkyzck5wsk');
INSERT INTO SpamDetectionLog VALUES(21,'<CAM72Bjb1VXTkCTR-CaT5Q5hynCkgW71TRSqovKgCyneazUycsQ@mail.gmail.com>','inbox',NULL,1550,'Re: Commande 148956','Anis Rebhi <undefined@undefined>',0,70,'[]',1,0,NULL,1762334529405,1762334529405,1762334529405,'cmhj8mbrc0007potkyzck5wsk');
INSERT INTO SpamDetectionLog VALUES(22,'<GV3P280MB125295605233995FD293CEF0F0F1A@GV3P280MB1252.SWEP280.PROD.OUTLOOK.COM>','inbox',NULL,1549,'Problème avec le logiciel Microsoft Project','m.benismail@kbrdistribution.com <undefined@undefined>',10,70,'["Trop de pièces jointes"]',1,0,NULL,1762334532201,1762334532201,1762334532201,'cmhj8mbrc0007potkyzck5wsk');
INSERT INTO SpamDetectionLog VALUES(23,'<CAKPBq_GgEwTDdG61_fD4-DZh7QCnZG2ajc1cPcTvC3P92wUQog@mail.gmail.com>','inbox',NULL,1548,'Re: Commande 323682','Meriem CH <undefined@undefined>',0,70,'[]',1,0,NULL,1762334532518,1762334532518,1762334532518,'cmhj8mbrc0007potkyzck5wsk');
INSERT INTO SpamDetectionLog VALUES(24,'<CAKsE-OXQzv9rrGWpXcD1b84eQveCDnyHoQ6MsnAckEeN33dqWA@mail.gmail.com>','inbox',NULL,1547,'Re: Commande 214870','Yassine Naili <undefined@undefined>',0,70,'[]',1,0,NULL,1762334532652,1762334532652,1762334532652,'cmhj8mbrc0007potkyzck5wsk');
INSERT INTO SpamDetectionLog VALUES(25,'<VI1PR09MB4413E7253C69A24957EAE5BDD5F0A@VI1PR09MB4413.eurprd09.prod.outlook.com>','inbox',NULL,1546,'CABKFI2510-099','Meriem Lyazidi <undefined@undefined>',10,70,'["Sujet avec majuscules excessives"]',1,0,NULL,1762334532918,1762334532918,1762334532918,'cmhj8mbrc0007potkyzck5wsk');
INSERT INTO SpamDetectionLog VALUES(26,'<1F669559-8A44-E347-B864-01CC136D1CEC@hxcore.ol>','inbox',NULL,1545,'Re: Commande 866982 - Action Requise','m.meddeb@digi-sys.net <undefined@undefined>',20,70,'["Trop de pièces jointes","Message avec majuscules excessives"]',1,0,NULL,1762334533528,1762334533528,1762334533528,'cmhj8mbrc0007potkyzck5wsk');
INSERT INTO SpamDetectionLog VALUES(27,'<D58C1935-7465-DE47-9625-8BC009CE07C8@hxcore.ol>','inbox',NULL,1544,'Re: Commande 866982 - Action Requise','m.meddeb@digi-sys.net <undefined@undefined>',0,70,'[]',1,0,NULL,1762334533726,1762334533726,1762334533726,'cmhj8mbrc0007potkyzck5wsk');
INSERT INTO SpamDetectionLog VALUES(28,'<VI0PR06MB10179D0681D0EED8B82A9C950EAF2A@VI0PR06MB10179.eurprd06.prod.outlook.com>','inbox',NULL,1542,'RE: Commande 343888 - Action Requise','Aroua Mehrez <undefined@undefined>',0,70,'[]',1,0,NULL,1762334533985,1762334533985,1762334533985,'cmhj8mbrc0007potkyzck5wsk');
INSERT INTO SpamDetectionLog VALUES(29,'<VI0PR06MB1017942056E9A8A0086215BF5EAF2A@VI0PR06MB10179.eurprd06.prod.outlook.com>','inbox',NULL,1541,'RE: Commande 343888 - Action Requise','Aroua Mehrez <undefined@undefined>',0,70,'[]',1,0,NULL,1762334534167,1762334534167,1762334534167,'cmhj8mbrc0007potkyzck5wsk');
INSERT INTO SpamDetectionLog VALUES(30,'<158407f23588408f9c06396823b90dd3@uib.com.tn>','inbox',NULL,1540,'FW: TR: URGENT : Suite ADOBE : Blocage des MAJ / Demande d''intervention ---- Blocage de la suite Adobe – Licence indiquée comme expirée','ASSEL Hanen <undefined@undefined>',30,70,'["Mots-clés suspects dans le sujet","Trop de pièces jointes"]',1,0,NULL,1762334534666,1762334534666,1762334534666,'cmhj8mbrc0007potkyzck5wsk');
INSERT INTO SpamDetectionLog VALUES(31,'<CAM3U1CQqnmNOUH6Kxuf0--9zjkSiX=G2Q0O3iAfKC8pLfJOzcA@mail.gmail.com>','inbox',NULL,1539,'Re: Commande 884096','Bouazizi Ramzi <undefined@undefined>',0,70,'[]',1,0,NULL,1762334534988,1762334534988,1762334534988,'cmhj8mbrc0007potkyzck5wsk');
INSERT INTO SpamDetectionLog VALUES(32,'<!&!AAAAAAAAAAAuAAAAAAAAAKXWfj9TlP5NkFJhOkyqQlEBAMO2jhD3dRHOtM0AqgC7tuYAAAAAAA4AABAAAADhm1DNVVCARICtHjEazDXRAQAAAAA=@california-gym.com>','inbox',NULL,1538,'TR: Rétablissement urgent du bon fonctionnement des comptes',' <undefined@undefined>',20,70,'["Mots-clés suspects dans le sujet"]',1,0,NULL,1762334535513,1762334535513,1762334535513,'cmhj8mbrc0007potkyzck5wsk');
INSERT INTO SpamDetectionLog VALUES(33,'<009301dc41c3$2e6150b0$8b23f210$@digi-sys.net>','inbox',NULL,1537,'RE: Commande 866982 - Action Requise',' <undefined@undefined>',0,70,'[]',1,0,NULL,1762334535640,1762334535640,1762334535640,'cmhj8mbrc0007potkyzck5wsk');
INSERT INTO SpamDetectionLog VALUES(34,'<001801dc41a3$f3eef230$dbccd690$@eprod-eng.fr>','inbox',NULL,1536,'DEMANDE INFO','Saidi Issa <undefined@undefined>',20,70,'["Trop de pièces jointes","Sujet avec majuscules excessives"]',1,0,NULL,1762334537215,1762334537215,1762334537215,'cmhj8mbrc0007potkyzck5wsk');
INSERT INTO SpamDetectionLog VALUES(35,'<VI0PR06MB1017952544B14ABA1E33C7D4DEAF5A@VI0PR06MB10179.eurprd06.prod.outlook.com>','inbox',NULL,1535,'RE: Commande 343888 - Action Requise','Aroua Mehrez <undefined@undefined>',0,70,'[]',1,0,NULL,1762334537347,1762334537347,1762334537347,'cmhj8mbrc0007potkyzck5wsk');
INSERT INTO SpamDetectionLog VALUES(36,'<E3244A43-9489-B14D-BC7B-1A9DC9778A1E@hxcore.ol>','inbox',NULL,1534,'Re: DEMANDE D''INTERVENTION EN URGENCE- ERREUR AUTOCAD','Mezghani Mehdi <undefined@undefined>',20,70,'["Trop de pièces jointes","Sujet avec majuscules excessives"]',1,0,NULL,1762334537522,1762334537522,1762334537522,'cmhj8mbrc0007potkyzck5wsk');
INSERT INTO SpamDetectionLog VALUES(37,'<PR3PR07MB8068C79B84604869AE319102ACF5A@PR3PR07MB8068.eurprd07.prod.outlook.com>','inbox',NULL,1533,'RE: Commande 343888 - Action Requise','MAÏSSA ZOGHBI <undefined@undefined>',0,70,'[]',1,0,NULL,1762334537653,1762334537653,1762334537653,'cmhj8mbrc0007potkyzck5wsk');
INSERT INTO SpamDetectionLog VALUES(38,'<003e01dc419a$0e5961a0$2b0c24e0$@hbc.com.tn>','inbox',NULL,1532,'RE: DEMANDE D''INTERVENTION EN URGENCE- ERREUR AUTOCAD','kaouthar krichen <undefined@undefined>',20,70,'["Trop de pièces jointes","Sujet avec majuscules excessives"]',1,0,NULL,1762334537813,1762334537813,1762334537813,'cmhj8mbrc0007potkyzck5wsk');
INSERT INTO SpamDetectionLog VALUES(39,'<002d01dc4198$ad2b4200$0781c600$@hbc.com.tn>','inbox',NULL,1531,'DEMANDE D''INTERVENTION EN URGENCE- ERREUR AUTOCAD','kaouthar krichen <undefined@undefined>',20,70,'["Trop de pièces jointes","Sujet avec majuscules excessives"]',1,0,NULL,1762334538202,1762334538202,1762334538202,'cmhj8mbrc0007potkyzck5wsk');
INSERT INTO SpamDetectionLog VALUES(40,'<41114DAB-E59C-4C0E-B088-919C669ED05D@me.com>','inbox',NULL,1530,'Re: Commande 373847','Issam Touhant <undefined@undefined>',0,70,'[]',1,0,NULL,1762334538364,1762334538364,1762334538364,'cmhj8mbrc0007potkyzck5wsk');
INSERT INTO SpamDetectionLog VALUES(41,NULL,'inbox','spam',1572,'hello','Aziz Brinis',90,70,'["Marqué comme spam manuellement"]',0,1,NULL,1762334920057,1762334920057,1762334920057,'cmhj8mbrc0007potkyzck5wsk');
INSERT INTO SpamDetectionLog VALUES(42,NULL,'spam','inbox',17,'hello','Aziz Brinis',10,70,'["Marqué comme légitime"]',0,1,NULL,1762334935719,1762334935719,1762334935719,'cmhj8mbrc0007potkyzck5wsk');
INSERT INTO SpamDetectionLog VALUES(43,'<CADifVEmMCA1fQz0KnzrVtKCvgAvG97GGLLga_V5TO92CWt99_w@mail.gmail.com>','inbox',NULL,1587,'hello','Aziz Brinis <undefined@undefined>',0,70,'[]',1,0,NULL,1762334938067,1762334938067,1762334938067,'cmhj8mbrc0007potkyzck5wsk');
INSERT INTO SpamDetectionLog VALUES(44,'<000001dc4e4f$be588f10$3b09ad30$@gmail.com>','inbox',NULL,1588,'RE: [Techno Smart] Confirmation de commande',' <undefined@undefined>',30,70,'["Nombre de liens élevé (8)"]',1,0,NULL,1762353199759,1762353199759,1762353199759,'cmhj8mbrc0007potkyzck5wsk');
INSERT INTO SpamDetectionLog VALUES(45,'<20251106094201.558105118.swift@techno-smart.tn>','inbox',NULL,1589,'[Techno Smart] Message d''un client','Hamza Banaoues <support@techno-smart.tn>',15,70,'["Adresse Reply-To différente de l''expéditeur"]',1,0,NULL,1762423902583,1762423902583,1762423902583,'cmhj8mbrc0007potkyzck5wsk');
INSERT INTO SpamDetectionLog VALUES(46,'<007801dc4f20$3169fe50$943dfaf0$@gmail.com>','inbox',NULL,1590,'RE: [Techno Smart] En attente de virement bancaire','maatkizied@gmail.com',30,70,'["Nombre de liens élevé (5)","Trop de pièces jointes"]',1,0,NULL,1762438811448,1762438811448,1762438811448,'cmhj8mbrc0007potkyzck5wsk');
INSERT INTO SpamDetectionLog VALUES(47,'<CADodaSf54LsrckMtXNiCtkOZMX5jBWw2=SYOyfK+kfa6qYXwXg@mail.gmail.com>','inbox',NULL,1591,'Identifiants Adobe Creative Cloud – Commande n°152449','MOISE MATONDO KUANZAMBI <mkuanzambi@gsrdtunis.org>',0,70,'[]',1,0,NULL,1762511845060,1762511845060,1762511845060,'cmhj8mbrc0007potkyzck5wsk');
INSERT INTO SpamDetectionLog VALUES(48,'<CADifVEkq6RG6Qu=Hd62L=u3otAXFbPs=H+X1hfvwOtgYQ2RoQg@mail.gmail.com>','inbox',NULL,1592,'Salut','Aziz Brinis <brinisaziz@gmail.com>',0,70,'[]',1,0,NULL,1762514357103,1762514357103,1762514357103,'cmhj8mbrc0007potkyzck5wsk');
INSERT INTO SpamDetectionLog VALUES(49,'<CANvaXg8czTOinyndQ301917k=K8zCEc2JREN=qxtXyU0+OE--A@mail.gmail.com>','inbox',NULL,1593,'Virement','Fehri Brinis <brinisfehri@gmail.com>',0,70,'[]',1,0,NULL,1762514662627,1762514662627,1762514662627,'cmhj8mbrc0007potkyzck5wsk');
INSERT INTO SpamDetectionLog VALUES(50,'<CADifVEnoCuVwXpY8dB2JhOOxx3kJO198E0KXpJ2v1S4HNp=ovw@mail.gmail.com>','inbox',NULL,1594,'Devis','Aziz Brinis <brinisaziz@gmail.com>',0,70,'[]',1,0,NULL,1762514837690,1762514837690,1762514837690,'cmhj8mbrc0007potkyzck5wsk');
INSERT INTO SpamDetectionLog VALUES(51,'<001201dc4fd9$49ad1650$dd0742f0$@gmail.com>','inbox',NULL,1595,'RE: [Techno Smart] Paiement accepté','maatkizied@gmail.com',20,70,'["Nombre de liens élevé (5)"]',1,0,NULL,1762514881624,1762514881624,1762514881624,'cmhj8mbrc0007potkyzck5wsk');
INSERT INTO SpamDetectionLog VALUES(52,'<CADifVE=XWuhvHZLvRphgBBRdyrMxw3a3+tMN0aUevT0Hxg0hTg@mail.gmail.com>','inbox',NULL,1596,'Virement','Aziz Brinis <brinisaziz@gmail.com>',0,70,'[]',1,0,NULL,1762515243850,1762515243850,1762515243850,'cmhj8mbrc0007potkyzck5wsk');
INSERT INTO SpamDetectionLog VALUES(53,'<CAJX_uB8-jTFBneov9OCvjvXdvgjEvH2FuCGpjy7BTFvxEnTHEw@mail.gmail.com>','inbox',NULL,1597,'C’est un chat','omar nechi <omarnechi23699@gmail.com>',0,70,'[]',1,0,NULL,1762515387771,1762515387771,1762515387771,'cmhj8mbrc0007potkyzck5wsk');
INSERT INTO SpamDetectionLog VALUES(54,'<CAAEsJfX7DZ+N35UrzSOAqjVPaahqsSEuP34GpEuDv9sT7qkrkw@mail.gmail.com>','inbox',NULL,1598,'Commande 21344','thisis halolo <thisishalolo@gmail.com>',0,70,'[]',1,0,NULL,1762516361705,1762516361705,1762516361705,'cmhj8mbrc0007potkyzck5wsk');
INSERT INTO SpamDetectionLog VALUES(55,'<CAJX_uB90ZRyirSxJi_FQjGE1tZ6bhxv_VqKtt8BXqoWaw=iEWg@mail.gmail.com>','inbox',NULL,1599,'C’est pas un peu de','omar nechi <omarnechi23699@gmail.com>',0,70,'[]',1,0,NULL,1762516540318,1762516540318,1762516540318,'cmhj8mbrc0007potkyzck5wsk');
INSERT INTO SpamDetectionLog VALUES(56,'<CANvaXg9q-YiSuiPf2oFZDsyw8+UOO9j7U-99qODLowm80qi9pQ@mail.gmail.com>','inbox',NULL,1600,'Tu veux pas qu’on','Fehri Brinis <brinisfehri@gmail.com>',0,70,'[]',1,0,NULL,1762516722299,1762516722299,1762516722299,'cmhj8mbrc0007potkyzck5wsk');
INSERT INTO SpamDetectionLog VALUES(57,'<CADodaSdz7OTJupYVcxRQDBP1UotSk_NgQKB2E7xdLgZM_fBSTQ@mail.gmail.com>','inbox',NULL,1601,'Re: Identifiants Adobe Creative Cloud – Commande n°152449','MOISE MATONDO KUANZAMBI <mkuanzambi@gsrdtunis.org>',0,70,'[]',1,0,NULL,1762590829356,1762590829356,1762590829356,'cmhj8mbrc0007potkyzck5wsk');
INSERT INTO SpamDetectionLog VALUES(58,'<79a909c7932b47179c4979b7c2c5e1d9@rnta-mtk.com.tn>','inbox',NULL,1602,'Acquisition licence pour logiciel AXXON','rnta rnta <rnta@rnta-mtk.com.tn>',0,70,'[]',1,0,NULL,1762765944567,1762765944567,1762765944567,'cmhj8mbrc0007potkyzck5wsk');
INSERT INTO SpamDetectionLog VALUES(59,'<fMCr7eOvDdsvrsvttFGMArP0rpyJFcFfsNGfskHiSLo@my.oxahost.tn>','inbox',NULL,1603,'[Oxahost] Confirmation de commande 2356016492','Oxahost <help@oxahost.support>',0,70,'[]',1,0,NULL,1762776381287,1762776381287,1762776381287,'cmhj8mbrc0007potkyzck5wsk');
INSERT INTO SpamDetectionLog VALUES(60,'<CAKZNQ27wG=YX+3oXwcegv=Tw2Obax6=rWn9NET9K34HBZkc7Yw@mail.gmail.com>','inbox',NULL,1604,'Re: [Techno Smart] Confirmation de commande','ICP ASSISTANCE <icp.assistance@gmail.com>',20,70,'["Nombre de liens élevé (5)"]',1,0,NULL,1762783260847,1762783260847,1762783260847,'cmhj8mbrc0007potkyzck5wsk');
CREATE TABLE IF NOT EXISTS "SpamSenderReputation" (
    "id" INTEGER NOT NULL PRIMARY KEY AUTOINCREMENT,
    "userId" TEXT NOT NULL,
    "domain" TEXT NOT NULL,
    "spamCount" INTEGER NOT NULL DEFAULT 0,
    "hamCount" INTEGER NOT NULL DEFAULT 0,
    "lastFeedbackAt" DATETIME,
    "createdAt" DATETIME NOT NULL DEFAULT CURRENT_TIMESTAMP,
    "updatedAt" DATETIME NOT NULL,
    CONSTRAINT "SpamSenderReputation_userId_fkey" FOREIGN KEY ("userId") REFERENCES "User" ("id") ON DELETE CASCADE ON UPDATE CASCADE
);
CREATE TABLE IF NOT EXISTS "MessagingEmail" (
    "id" TEXT NOT NULL PRIMARY KEY,
    "userId" TEXT NOT NULL,
    "messageId" TEXT NOT NULL,
    "subject" TEXT,
    "sentAt" DATETIME NOT NULL,
    "trackingEnabled" BOOLEAN NOT NULL DEFAULT false,
    "createdAt" DATETIME NOT NULL DEFAULT CURRENT_TIMESTAMP,
    "updatedAt" DATETIME NOT NULL, "senderIpHash" TEXT, "senderSessionHash" TEXT,
    CONSTRAINT "MessagingEmail_userId_fkey" FOREIGN KEY ("userId") REFERENCES "User" ("id") ON DELETE CASCADE ON UPDATE CASCADE
);
INSERT INTO MessagingEmail VALUES('cmhn9xtc3001bnyzcqbem6gcf','cmhj8mbrc0007potkyzck5wsk','<2b9f2bd6-f4c6-45a8-bca0-380de0c41741@techno-smart.tn>','Commande 112213',1762424326081,0,1762424326083,1762424326083,NULL,NULL);
INSERT INTO MessagingEmail VALUES('cmhn9zs2h001inyzc60hrs69i','cmhj8mbrc0007potkyzck5wsk','<976ef17e-364d-49b5-b26a-2dc5e1fc606f@techno-smart.tn>','Commande 987241',1762424417751,0,1762424417753,1762424417753,NULL,NULL);
INSERT INTO MessagingEmail VALUES('cmhna3367001xnyzcvhlgdkil','cmhj8mbrc0007potkyzck5wsk','<8aa55e02-bd0f-457e-8539-8386c0138da6@techno-smart.tn>','Commande 937909',1762424572110,0,1762424572112,1762424572112,NULL,NULL);
INSERT INTO MessagingEmail VALUES('cmhna69g00024nyzcx9xukzjn','cmhj8mbrc0007potkyzck5wsk','<bf49be57-8df1-4719-a4af-94f6e44c7c79@techno-smart.tn>','Commande 742462',1762424720207,0,1762424720208,1762424720208,NULL,NULL);
INSERT INTO MessagingEmail VALUES('cmhnaydv7000fnyv0x0gb6zfn','cmhj8mbrc0007potkyzck5wsk','<6d3c18ee-f2a7-4fc8-9225-d3ec4b15338a@techno-smart.tn>','Commande 1121343234',1762426032292,1,1762426032308,1762426032308,NULL,NULL);
INSERT INTO MessagingEmail VALUES('cmhnbwob60005nyseu13vndbd','cmhj8mbrc0007potkyzck5wsk','<afc35d7d-b306-4998-86fa-220d401c9ef6@techno-smart.tn>','Commande 2312342',1762427632135,1,1762427632147,1762427632147,NULL,NULL);
INSERT INTO MessagingEmail VALUES('cmhnby3rh000cnysedfx0mcn8','cmhj8mbrc0007potkyzck5wsk','<e7ab2f50-806b-4bfd-8c87-7a96c7b9e513@techno-smart.tn>','Commande 11999',1762427698824,1,1762427698829,1762427698829,NULL,NULL);
INSERT INTO MessagingEmail VALUES('cmhnbz4qr000nnyse5g0k4hhf','cmhj8mbrc0007potkyzck5wsk','<4f292e1c-bbc9-46f0-8010-c0ce44a02e30@techno-smart.tn>','Commande 118475',1762427746749,1,1762427746755,1762427746755,NULL,NULL);
INSERT INTO MessagingEmail VALUES('cmhncctrf0009nyxt2iiyxou7','cmhj8mbrc0007potkyzck5wsk','<eb9fd6dd-f56d-43b1-87a9-0af2b48a491e@techno-smart.tn>','Commande 112912',1762428385693,1,1762428385707,1762428385707,NULL,NULL);
INSERT INTO MessagingEmail VALUES('cmhncysg60005ny1qtmb0c9f4','cmhj8mbrc0007potkyzck5wsk','<b53f8220-eaef-4155-86b0-c61ea2410310@techno-smart.tn>','Commande 112134',1762429410424,1,1762429410438,1762429410438,NULL,NULL);
INSERT INTO MessagingEmail VALUES('cmhne1blu0005po4qvjrkt3wi','cmhj8mbrc0007potkyzck5wsk','<d5314dcc-7f89-48ea-84df-474a6b97ffa8@techno-smart.tn>','Commande 526479',1762431208180,1,1762431208195,1762431208195,NULL,NULL);
INSERT INTO MessagingEmail VALUES('cmhomst72000bpoqcutyyim8u','cmhj8mbrc0007potkyzck5wsk','<80889628-d399-425b-87e5-6108a57c47d8@techno-smart.tn>','Commande 152449',1762506393805,0,1762506393807,1762506393807,NULL,NULL);
INSERT INTO MessagingEmail VALUES('cmhou8zf40009pot0ys2yu2kt','cmhj8mbrc0007potkyzck5wsk','<32d3af68-632d-4356-a2c3-4c2233904f9d@techno-smart.tn>','Commande 674054',1762518905677,0,1762518905680,1762518905680,NULL,NULL);
INSERT INTO MessagingEmail VALUES('cmhoum0yq000npo5oxpxdlbwk','cmhj8mbrc0007potkyzck5wsk','<65f064a1-7bb0-42b4-bb8e-8793ed248497@techno-smart.tn>','Virement',1762519514208,0,1762519514211,1762519514211,NULL,NULL);
INSERT INTO MessagingEmail VALUES('cmhousgga001apo5o8m0xeaa2','cmhj8mbrc0007potkyzck5wsk','<de249de9-a67e-4097-9042-6768908b12f0@techno-smart.tn>','Commande 112213',1762519814216,0,1762519814219,1762519814219,NULL,NULL);
INSERT INTO MessagingEmail VALUES('cmhouwbc4001dpo5o2c8w9fmm','cmhj8mbrc0007potkyzck5wsk','<7d0e997d-e166-4c6c-b911-306b388282e4@techno-smart.tn>','espania',1762519994211,0,1762519994212,1762519994212,NULL,NULL);
INSERT INTO MessagingEmail VALUES('cmhov3rt0000tpoxwpqpdsdwk','cmhj8mbrc0007potkyzck5wsk','<1ea87fff-c171-4ff0-94dd-55535f426382@techno-smart.tn>','Commande 112213',1762520342134,1,1762520342149,1762520342149,NULL,NULL);
INSERT INTO MessagingEmail VALUES('cmhp6uktm000dpo1al0fz209t','cmhj8mbrc0007potkyzck5wsk','<8aee6a19-a0eb-4b77-b357-c90fe847f3d4@techno-smart.tn>','Commande 112',1762540068576,1,1762540068586,1762540068586,NULL,NULL);
INSERT INTO MessagingEmail VALUES('cmhq1jvbr000jpovz6u0v85i6','cmhj8mbrc0007potkyzck5wsk','<c9a628f3-8793-48eb-a1a8-f6e2422a1918@techno-smart.tn>','Commande 152449',1762591637076,0,1762591637080,1762591637080,NULL,NULL);
INSERT INTO MessagingEmail VALUES('cmhq1ncby000rpovz6z3op60e','cmhj8mbrc0007potkyzck5wsk','<5de58f84-5780-4f06-99ab-0daf30c2fca2@techno-smart.tn>','Commande 152449',1762591799084,0,1762591799086,1762591799086,NULL,NULL);
INSERT INTO MessagingEmail VALUES('cmhq8f7wi0005poh22nxss22j','cmhj8mbrc0007potkyzck5wsk','<3ddc32c7-cc1f-4084-a35f-e0c2bf7053a8@techno-smart.tn>','Commande 121225',1762603177408,0,1762603177410,1762603177410,NULL,NULL);
INSERT INTO MessagingEmail VALUES('cmhswipdd000bny2yxmydftbm','cmhj8mbrc0007potkyzck5wsk','<83723791-b5f9-4ff8-99dd-4ad570e32f01@techno-smart.tn>','Re: Virement',1762764583151,0,1762764583154,1762764583154,NULL,NULL);
INSERT INTO MessagingEmail VALUES('cmhswjd8w000iny2ynjgru3gc','cmhj8mbrc0007potkyzck5wsk','<4ff35fc0-c011-42ec-b02a-03bda49437eb@techno-smart.tn>','Fwd: Tu veux pas qu’on',1762764614095,0,1762764614096,1762764614096,NULL,NULL);
INSERT INTO MessagingEmail VALUES('cmhsx35wp000jny8lp6r29jnw','cmhj8mbrc0007potkyzck5wsk','<145003f1-f3fa-419b-804c-ce3a55cd58f0@techno-smart.tn>','Commande 152449',1762765537693,1,1762765537706,1762765537706,NULL,NULL);
INSERT INTO MessagingEmail VALUES('cmhsx41l3000uny8l7iw8r16n','cmhj8mbrc0007potkyzck5wsk','<6529075f-de26-48ad-8afe-445c904f0f0c@techno-smart.tn>','Commande 82372',1762765578753,1,1762765578760,1762765578760,NULL,NULL);
INSERT INTO MessagingEmail VALUES('cmhsx4n9t0011ny8lsppid2vc','cmhj8mbrc0007potkyzck5wsk','<0d43b5fc-9d65-4588-a029-5e5de439bd7a@techno-smart.tn>','espania',1762765606861,1,1762765606865,1762765606865,NULL,NULL);
INSERT INTO MessagingEmail VALUES('cmhsz42ow000hnys55bt7ng2j','cmhj8mbrc0007potkyzck5wsk','<12f8c7c1-2d7e-4c02-b3af-c0ccd288f672@techno-smart.tn>','Commande 152449',1762768939417,1,1762768939425,1762768939425,NULL,'6e1a088349a4c0b137e85dbcd8c04682cdd50be89b12989f0d92bc3b13510ae8');
INSERT INTO MessagingEmail VALUES('cmhsz52wo000onys58ajd13hw','cmhj8mbrc0007potkyzck5wsk','<7dc105b9-c85a-4d89-b338-a99f7950505f@techno-smart.tn>','Commande 112213',1762768986357,1,1762768986361,1762768986361,NULL,'6e1a088349a4c0b137e85dbcd8c04682cdd50be89b12989f0d92bc3b13510ae8');
INSERT INTO MessagingEmail VALUES('cmhszdj8u0015nys579kb1ntv','cmhj8mbrc0007potkyzck5wsk','<a8c71af0-5eb0-4023-9984-50c695ef1594@techno-smart.tn>','Commande 152449',1762769380778,1,1762769380782,1762769380782,NULL,'6e1a088349a4c0b137e85dbcd8c04682cdd50be89b12989f0d92bc3b13510ae8');
INSERT INTO MessagingEmail VALUES('cmhszehtp0020nys5piidglh1','cmhj8mbrc0007potkyzck5wsk','<5caa948e-8ae4-4fec-8693-f448c3597f3f@techno-smart.tn>','Commande 112213',1762769425583,1,1762769425598,1762769425598,'2e8869f794371364942e7c6f77292e11d9e347feea91baef6a8abff32025b5b3','6e1a088349a4c0b137e85dbcd8c04682cdd50be89b12989f0d92bc3b13510ae8');
INSERT INTO MessagingEmail VALUES('cmht06q0q000dpo0c2nsg8l54','cmhj8mbrc0007potkyzck5wsk','<986ba025-618b-48f2-9404-e3dadb2fa658@techno-smart.tn>','Commande 152449',1762770742571,1,1762770742586,1762770742586,'2e8869f794371364942e7c6f77292e11d9e347feea91baef6a8abff32025b5b3','6e1a088349a4c0b137e85dbcd8c04682cdd50be89b12989f0d92bc3b13510ae8');
INSERT INTO MessagingEmail VALUES('cmht0bjgb000lpo0c3hmgeaj1','cmhj8mbrc0007potkyzck5wsk','<018a2b78-c238-46ae-b977-61c8c0e4bfdd@techno-smart.tn>','Commande 152449',1762770967347,1,1762770967355,1762770967355,'2e8869f794371364942e7c6f77292e11d9e347feea91baef6a8abff32025b5b3','6e1a088349a4c0b137e85dbcd8c04682cdd50be89b12989f0d92bc3b13510ae8');
INSERT INTO MessagingEmail VALUES('cmht0p46d0005polqqmzo6lvn','cmhj8mbrc0007potkyzck5wsk','<d13a63c7-0809-4b6e-855a-013d5110b9eb@techno-smart.tn>','espania',1762771600731,1,1762771600742,1762771600742,'24f94b34dc121589f8b75cabfbe48ded53ee75e4abf96b92d9ac61585f9e5e5a','6e1a088349a4c0b137e85dbcd8c04682cdd50be89b12989f0d92bc3b13510ae8');
INSERT INTO MessagingEmail VALUES('cmht0wmmo0005polulmgo327p','cmhj8mbrc0007potkyzck5wsk','<5ef8c29d-58b0-4c0d-9914-cb42052267f6@techno-smart.tn>','Test',1762771951234,1,1762771951249,1762771951249,'24f94b34dc121589f8b75cabfbe48ded53ee75e4abf96b92d9ac61585f9e5e5a','6e1a088349a4c0b137e85dbcd8c04682cdd50be89b12989f0d92bc3b13510ae8');
INSERT INTO MessagingEmail VALUES('cmht172mn000cpoluod10509d','cmhj8mbrc0007potkyzck5wsk','<0dbd3076-0ed5-4344-9d04-64b7d32f0062@techno-smart.tn>','Test',1762772438537,1,1762772438544,1762772438544,'24f94b34dc121589f8b75cabfbe48ded53ee75e4abf96b92d9ac61585f9e5e5a','6e1a088349a4c0b137e85dbcd8c04682cdd50be89b12989f0d92bc3b13510ae8');
INSERT INTO MessagingEmail VALUES('cmht1rnss0009pom70xszr31w','cmhj8mbrc0007potkyzck5wsk','<859aa1b2-d041-41b1-9335-2dea8f7dfcc1@techno-smart.tn>','Test 112',1762773399089,1,1762773399100,1762773399100,'24f94b34dc121589f8b75cabfbe48ded53ee75e4abf96b92d9ac61585f9e5e5a','6e1a088349a4c0b137e85dbcd8c04682cdd50be89b12989f0d92bc3b13510ae8');
INSERT INTO MessagingEmail VALUES('cmht7p3860005pom1gg14lrv2','cmhj8mbrc0007potkyzck5wsk','<75294622-30a4-444c-b64d-12109e29c3fb@techno-smart.tn>','Re: [Techno Smart] Confirmation de commande',1762783356798,1,1762783356823,1762783356823,'eff8e7ca506627fe15dda5e0e512fcaad70b6d520f37cc76597fdb4f2d83a1a3','1aa054e8235b70ddfeaf5c62befde34294b63de0229769730f473ef8b35c793a');
INSERT INTO MessagingEmail VALUES('cmhtbnimg000dpod0w1lkc95d','cmhj8mbrc0007potkyzck5wsk','<91c9830d-4b1f-4c34-8d58-ec86c425ca2d@techno-smart.tn>','Commande 250902',1762790001924,0,1762790001928,1762790001928,'eff8e7ca506627fe15dda5e0e512fcaad70b6d520f37cc76597fdb4f2d83a1a3','1aa054e8235b70ddfeaf5c62befde34294b63de0229769730f473ef8b35c793a');
CREATE TABLE IF NOT EXISTS "MessagingEmailRecipient" (
    "id" TEXT NOT NULL PRIMARY KEY,
    "emailId" TEXT NOT NULL,
    "address" TEXT NOT NULL,
    "name" TEXT,
    "type" TEXT NOT NULL,
    "openToken" TEXT NOT NULL,
    "openCount" INTEGER NOT NULL DEFAULT 0,
    "firstOpenedAt" DATETIME,
    "lastOpenedAt" DATETIME,
    "clickCount" INTEGER NOT NULL DEFAULT 0,
    "lastClickedAt" DATETIME,
    "createdAt" DATETIME NOT NULL DEFAULT CURRENT_TIMESTAMP,
    "updatedAt" DATETIME NOT NULL,
    CONSTRAINT "MessagingEmailRecipient_emailId_fkey" FOREIGN KEY ("emailId") REFERENCES "MessagingEmail" ("id") ON DELETE CASCADE ON UPDATE CASCADE
);
INSERT INTO MessagingEmailRecipient VALUES('cmhn9xtc3001cnyzc91sn8anm','cmhn9xtc3001bnyzcqbem6gcf','brinisaziz@gmail.com','','TO','f616d0ca-498f-44f4-99bb-ea00312e3699',0,NULL,NULL,0,NULL,1762424326083,1762424326083);
INSERT INTO MessagingEmailRecipient VALUES('cmhn9zs2h001jnyzc1yqasjdc','cmhn9zs2h001inyzc60hrs69i','zahmawess@gmail.com','','TO','48032365-6f2c-450d-8c88-a68169e3e14b',0,NULL,NULL,0,NULL,1762424417753,1762424417753);
INSERT INTO MessagingEmailRecipient VALUES('cmhna3367001ynyzcqzcreaoo','cmhna3367001xnyzcvhlgdkil','wiemchebane@gmail.com','','TO','6b9c4eea-3654-4cac-ac1f-359b8a505da9',0,NULL,NULL,0,NULL,1762424572112,1762424572112);
INSERT INTO MessagingEmailRecipient VALUES('cmhna69g00025nyzcltjji9sc','cmhna69g00024nyzcx9xukzjn','contact@eprod-eng.fr','','TO','f3ed0618-0577-41cc-a7e7-8b326aca5699',0,NULL,NULL,0,NULL,1762424720208,1762424720208);
INSERT INTO MessagingEmailRecipient VALUES('cmhnaydv7000gnyv03oqrb16q','cmhnaydv7000fnyv0x0gb6zfn','brinisaziz@gmail.com','','TO','2c559228-f741-4682-9b81-f4ef72c79cc5',0,NULL,NULL,0,NULL,1762426032308,1762426032308);
INSERT INTO MessagingEmailRecipient VALUES('cmhnbwob60006nyseiyeno77l','cmhnbwob60005nyseu13vndbd','brinisaziz@gmail.com','','TO','df0fc826-25dc-44ea-b7fd-ff7d626cc58e',0,NULL,NULL,0,NULL,1762427632147,1762427632147);
INSERT INTO MessagingEmailRecipient VALUES('cmhnby3rh000dnyser9wemk2f','cmhnby3rh000cnysedfx0mcn8','brinisaziz@icloud.com','','TO','0241aa62-601b-4e0d-89e1-0b2728fe26a9',0,NULL,NULL,0,NULL,1762427698829,1762427698829);
INSERT INTO MessagingEmailRecipient VALUES('cmhnbz4qr000onyse1cfz8gbw','cmhnbz4qr000nnyse5g0k4hhf','finance@techno-smart.tn','','TO','f7856af6-bf36-42ed-8f2c-b503f7af23cc',0,NULL,NULL,0,NULL,1762427746755,1762427746755);
INSERT INTO MessagingEmailRecipient VALUES('cmhncctrf000anyxt8xmp6o7c','cmhncctrf0009nyxt2iiyxou7','brinisaziz@gmail.com','','TO','a455b75f-b21f-4c45-af28-f2b22f9d5e96',18,1762428487415,1762429224472,0,NULL,1762428385707,1762429224477);
INSERT INTO MessagingEmailRecipient VALUES('cmhncysg60006ny1qat5nm7ox','cmhncysg60005ny1qtmb0c9f4','finance@techno-smart.tn','','TO','e499315e-bfa5-4da1-8ac7-1bd73172d1ce',1,1762429790352,1762429790352,0,NULL,1762429410438,1762429790354);
INSERT INTO MessagingEmailRecipient VALUES('cmhncysg60007ny1qm7qnbps5','cmhncysg60005ny1qtmb0c9f4','brinisfehri@gmail.com','','TO','5ac91935-ee9c-4ef5-b980-a5c75ff39e2e',4,1762429426953,1762429874832,0,NULL,1762429410438,1762429874835);
INSERT INTO MessagingEmailRecipient VALUES('cmhncysg60008ny1qcdkxjdtt','cmhncysg60005ny1qtmb0c9f4','thisishalolo@gmail.com','','TO','b9adc563-6d7a-4725-a94c-2869482a1d61',0,NULL,NULL,0,NULL,1762429410438,1762429410438);
INSERT INTO MessagingEmailRecipient VALUES('cmhne1blu0006po4qpotk3mj9','cmhne1blu0005po4qvjrkt3wi','amine.slim.as@gmail.com','','TO','68a1838d-00e8-4fb3-a546-2ddbbfd93f22',0,NULL,NULL,0,NULL,1762431208195,1762431208195);
INSERT INTO MessagingEmailRecipient VALUES('cmhomst72000cpoqcewq5yv89','cmhomst72000bpoqcutyyim8u','sayari@gsrdtunis.org','','TO','6b886c14-a684-4f1a-9d6d-743de8bae010',0,NULL,NULL,0,NULL,1762506393807,1762506393807);
INSERT INTO MessagingEmailRecipient VALUES('cmhou8zf4000apot06mpq0auo','cmhou8zf40009pot0ys2yu2kt','maatkizied@gmail.com','','TO','60e9d994-a4bf-4c7f-9673-aaf8b584ae56',0,NULL,NULL,0,NULL,1762518905680,1762518905680);
INSERT INTO MessagingEmailRecipient VALUES('cmhoum0yq000opo5ogv6n1int','cmhoum0yq000npo5oxpxdlbwk','brinisaziz@gmail.com','','TO','48696967-dad4-49ca-9de4-f8ccbd8db68e',0,NULL,NULL,0,NULL,1762519514211,1762519514211);
INSERT INTO MessagingEmailRecipient VALUES('cmhousgga001bpo5oyx22gxrf','cmhousgga001apo5o8m0xeaa2','brinisfehri@gmail.com','','TO','945431b5-7df6-41d0-848e-d43a50a1a832',0,NULL,NULL,0,NULL,1762519814219,1762519814219);
INSERT INTO MessagingEmailRecipient VALUES('cmhouwbc4001epo5owqpcdhyo','cmhouwbc4001dpo5o2c8w9fmm','thisishalolo@gmail.com','','TO','6ac8048f-5938-4fde-b8e1-df965ceffdff',0,NULL,NULL,0,NULL,1762519994212,1762519994212);
INSERT INTO MessagingEmailRecipient VALUES('cmhov3rt0000upoxwihhgng9y','cmhov3rt0000tpoxwpqpdsdwk','brinisaziz@gmail.com','','TO','95073cac-9481-4eff-969a-bfd8a5cac30f',5,1762520369550,1762521170439,0,NULL,1762520342149,1762521170442);
INSERT INTO MessagingEmailRecipient VALUES('cmhov3rt0000vpoxw7b7cqbww','cmhov3rt0000tpoxwpqpdsdwk','thisishalolo@gmail.com','','TO','e104ea92-e1a5-461c-b301-6b6341e8ffb7',0,NULL,NULL,0,NULL,1762520342149,1762520342149);
INSERT INTO MessagingEmailRecipient VALUES('cmhov3rt0000wpoxwag3sfjz1','cmhov3rt0000tpoxwpqpdsdwk','brinisaziz@yahoo.fr','','TO','e68f457a-dc49-49c4-af7e-1d2d2df3c473',1,1762520663245,1762520663245,0,NULL,1762520342149,1762520663253);
INSERT INTO MessagingEmailRecipient VALUES('cmhp6uktm000epo1almv55tju','cmhp6uktm000dpo1al0fz209t','brinisaziz@gmail.com','','TO','c8de63e7-08e1-44ef-bbe3-0e8d14dc45d6',0,NULL,NULL,0,NULL,1762540068586,1762540068586);
INSERT INTO MessagingEmailRecipient VALUES('cmhq1jvbr000kpovz1eakvdn6','cmhq1jvbr000jpovz6u0v85i6','sayari@gsrdtunis.org','','TO','38a3d24f-7d96-45ff-b4a0-444568d25f3b',0,NULL,NULL,0,NULL,1762591637080,1762591637080);
INSERT INTO MessagingEmailRecipient VALUES('cmhq1jvbr000lpovz8j9vsa21','cmhq1jvbr000jpovz6u0v85i6','mkuanzambi@gsrdtunis.org','','TO','d0e59840-d879-4626-ad8a-06a3131bad3c',0,NULL,NULL,0,NULL,1762591637080,1762591637080);
INSERT INTO MessagingEmailRecipient VALUES('cmhq1ncby000spovzrvtbz9uw','cmhq1ncby000rpovz6z3op60e','sayari@gsrdtunis.org','','TO','861f39e2-6ab0-4cde-8b39-dff801fd96f2',0,NULL,NULL,0,NULL,1762591799086,1762591799086);
INSERT INTO MessagingEmailRecipient VALUES('cmhq1ncby000tpovzhcrc6jsn','cmhq1ncby000rpovz6z3op60e','mkuanzambi@gsrdtunis.org','','TO','6a3e1489-b8f7-4692-bb08-023316f32905',0,NULL,NULL,0,NULL,1762591799086,1762591799086);
INSERT INTO MessagingEmailRecipient VALUES('cmhq8f7wi0006poh2oj8akm0c','cmhq8f7wi0005poh22nxss22j','mlika_hamdi@yahoo.fr','','TO','aa6fc079-115c-40f0-801a-6fcb940cd588',0,NULL,NULL,0,NULL,1762603177410,1762603177410);
INSERT INTO MessagingEmailRecipient VALUES('cmhswipdd000cny2yf293uier','cmhswipdd000bny2yxmydftbm','brinisaziz@gmail.com','','TO','54a015cb-7c90-4d06-b6a3-1072a578c07f',0,NULL,NULL,0,NULL,1762764583154,1762764583154);
INSERT INTO MessagingEmailRecipient VALUES('cmhswjd8w000jny2ynn1qvsdb','cmhswjd8w000iny2ynjgru3gc','brinisaziz@gmail.com','','TO','84a4132b-60d1-4eb4-ad48-7696974ece42',0,NULL,NULL,0,NULL,1762764614096,1762764614096);
INSERT INTO MessagingEmailRecipient VALUES('cmhsx35wp000kny8l17iuk9px','cmhsx35wp000jny8lp6r29jnw','brinisaziz@yahoo.fr','','TO','1f737cc5-0bbc-4bbd-97db-126d1e999744',5,1762765787675,1762765975789,0,NULL,1762765537706,1762765975794);
INSERT INTO MessagingEmailRecipient VALUES('cmhsx41l3000vny8l1mvadlbg','cmhsx41l3000uny8l7iw8r16n','thisishalolo@gmail.com','','TO','1898c021-008e-4dae-b660-313b171d5604',2,1762765790875,1762765790875,0,NULL,1762765578760,1762765790883);
INSERT INTO MessagingEmailRecipient VALUES('cmhsx4n9t0012ny8lnu8tfhh9','cmhsx4n9t0011ny8lsppid2vc','finance@techno-smart.tn','','TO','04b43138-d479-4500-af5f-dfe883ecd45d',2,1762765795159,1762765795159,0,NULL,1762765606865,1762765795171);
INSERT INTO MessagingEmailRecipient VALUES('cmhsz42ow000inys5a45xfowg','cmhsz42ow000hnys55bt7ng2j','brinisaziz@yahoo.fr','','TO','d98e7275-11b1-437d-b3b8-3becb84279c0',1,1762769093194,1762769093194,0,NULL,1762768939425,1762769093202);
INSERT INTO MessagingEmailRecipient VALUES('cmhsz52wo000pnys51ae6tk02','cmhsz52wo000onys58ajd13hw','finance@techno-smart.tn','','TO','94188226-8c65-45b6-9a5c-095c11bddb7a',8,1762769166870,1762773580378,0,NULL,1762768986361,1762773580403);
INSERT INTO MessagingEmailRecipient VALUES('cmhszdj8u0016nys5q2qahslx','cmhszdj8u0015nys579kb1ntv','finance@techno-smart.tn','','TO','348e0884-47c9-420d-acfc-0f1e46390b83',0,NULL,NULL,0,NULL,1762769380782,1762769380782);
INSERT INTO MessagingEmailRecipient VALUES('cmhszehtp0021nys5ub87vono','cmhszehtp0020nys5piidglh1','thisishalolo@gmail.com','','TO','418d62a1-2032-4ebf-b8fc-e01f8c5abb8d',0,NULL,NULL,0,NULL,1762769425598,1762769425598);
INSERT INTO MessagingEmailRecipient VALUES('cmht06q0q000epo0cq3k7yyd8','cmht06q0q000dpo0c2nsg8l54','thisishalolo@gmail.com','','TO','346b3a12-f1aa-4281-8ba0-13ddb479c61e',0,NULL,NULL,0,NULL,1762770742586,1762770742586);
INSERT INTO MessagingEmailRecipient VALUES('cmht06q0q000fpo0csh75snq1','cmht06q0q000dpo0c2nsg8l54','brinisaziz@yahoo.fr','','TO','3ad5110e-1742-4de6-a1db-21d846340708',1,1762770999763,1762770999763,0,NULL,1762770742586,1762770999774);
INSERT INTO MessagingEmailRecipient VALUES('cmht0bjgb000mpo0c5405ezin','cmht0bjgb000lpo0c3hmgeaj1','omarnechi23699@gmail.com','','TO','f5d27f74-5eda-4d90-a6ad-97923984c491',0,NULL,NULL,0,NULL,1762770967355,1762770967355);
INSERT INTO MessagingEmailRecipient VALUES('cmht0p46d0006polqm6q7dmxr','cmht0p46d0005polqqmzo6lvn','omarnechi23699@gmail.com','','TO','6350b5b0-0f94-4c91-86c8-decdcdc2ddb6',0,NULL,NULL,0,NULL,1762771600742,1762771600742);
INSERT INTO MessagingEmailRecipient VALUES('cmht0wmmo0006poluo7it8hyd','cmht0wmmo0005polulmgo327p','omarnechi23699@gmail.com','','TO','c72dac79-d484-436d-a654-a39d9fb73327',0,NULL,NULL,0,NULL,1762771951249,1762771951249);
INSERT INTO MessagingEmailRecipient VALUES('cmht172mn000dpoludegiartn','cmht172mn000cpoluod10509d','brinisaziz@yahoo.fr','','TO','91299009-2fb3-4ad8-b6d0-1e018f0f6095',4,1762772555860,1762772555860,0,NULL,1762772438544,1762772555883);
INSERT INTO MessagingEmailRecipient VALUES('cmht172mn000epoluaz9jqtf7','cmht172mn000cpoluod10509d','finance@techno-smart.tn','','TO','783d71e8-05b8-4b03-aa50-b95797559633',0,NULL,NULL,0,NULL,1762772438544,1762772438544);
INSERT INTO MessagingEmailRecipient VALUES('cmht1rnss000apom7efp79yhm','cmht1rnss0009pom70xszr31w','brinisaziz@yahoo.fr','','TO','ed76fe12-3892-482f-b777-7af0e07bdb38',2,1762773465072,1762773606102,0,NULL,1762773399100,1762773606104);
INSERT INTO MessagingEmailRecipient VALUES('cmht1rnss000bpom7by1l4xsk','cmht1rnss0009pom70xszr31w','finance@techno-smart.tn','','TO','fc80d449-1a26-4683-abcb-e9e9383eba4d',0,NULL,NULL,0,NULL,1762773399100,1762773399100);
INSERT INTO MessagingEmailRecipient VALUES('cmht7p3860006pom1lap0ayp4','cmht7p3860005pom1gg14lrv2','icp.assistance@gmail.com','','TO','cfad3e92-f0e7-4718-9b5e-f1435012689b',0,NULL,NULL,0,NULL,1762783356823,1762783356823);
INSERT INTO MessagingEmailRecipient VALUES('cmhtbnimg000epod0ago4hbux','cmhtbnimg000dpod0w1lkc95d','icp.assistance@gmail.com','','TO','5b6e0353-a459-465b-96f7-c2343eba7482',0,NULL,NULL,0,NULL,1762790001928,1762790001928);
CREATE TABLE IF NOT EXISTS "MessagingEmailLink" (
    "id" TEXT NOT NULL PRIMARY KEY,
    "emailId" TEXT NOT NULL,
    "url" TEXT NOT NULL,
    "position" INTEGER NOT NULL,
    "createdAt" DATETIME NOT NULL DEFAULT CURRENT_TIMESTAMP,
    "updatedAt" DATETIME NOT NULL,
    CONSTRAINT "MessagingEmailLink_emailId_fkey" FOREIGN KEY ("emailId") REFERENCES "MessagingEmail" ("id") ON DELETE CASCADE ON UPDATE CASCADE
);
INSERT INTO MessagingEmailLink VALUES('cmht7p3870008pom1cf52p5nt','cmht7p3860005pom1gg14lrv2','https://techno-smart.tn/',0,1762783356824,1762783356824);
INSERT INTO MessagingEmailLink VALUES('cmht7p387000apom1gfa9bw6g','cmht7p3860005pom1gg14lrv2','https://techno-smart.tn/historique-commandes',1,1762783356824,1762783356824);
INSERT INTO MessagingEmailLink VALUES('cmht7p387000cpom1ewyc43qd','cmht7p3860005pom1gg14lrv2','https://techno-smart.tn/suivi-commande-invite',2,1762783356824,1762783356824);
INSERT INTO MessagingEmailLink VALUES('cmht7p387000epom160c2s6io','cmht7p3860005pom1gg14lrv2','https://techno-smart.tn/',3,1762783356824,1762783356824);
INSERT INTO MessagingEmailLink VALUES('cmht7p387000gpom1frc1xdjz','cmht7p3860005pom1gg14lrv2','https://www.prestashop.com/?utm_source=marchandprestashop&utm_medium=e-mail&utm_campaign=footer_1-7',4,1762783356824,1762783356824);
CREATE TABLE IF NOT EXISTS "MessagingEmailLinkRecipient" (
    "id" TEXT NOT NULL PRIMARY KEY,
    "linkId" TEXT NOT NULL,
    "recipientId" TEXT NOT NULL,
    "token" TEXT NOT NULL,
    "clickCount" INTEGER NOT NULL DEFAULT 0,
    "firstClickedAt" DATETIME,
    "lastClickedAt" DATETIME,
    "createdAt" DATETIME NOT NULL DEFAULT CURRENT_TIMESTAMP,
    "updatedAt" DATETIME NOT NULL,
    CONSTRAINT "MessagingEmailLinkRecipient_linkId_fkey" FOREIGN KEY ("linkId") REFERENCES "MessagingEmailLink" ("id") ON DELETE CASCADE ON UPDATE CASCADE,
    CONSTRAINT "MessagingEmailLinkRecipient_recipientId_fkey" FOREIGN KEY ("recipientId") REFERENCES "MessagingEmailRecipient" ("id") ON DELETE CASCADE ON UPDATE CASCADE
);
INSERT INTO MessagingEmailLinkRecipient VALUES('cmht7p388000ipom1nerxqsyb','cmht7p3870008pom1cf52p5nt','cmht7p3860006pom1lap0ayp4','fbd8cbf2-04cb-4736-b62c-25e2e26bf513',0,NULL,NULL,1762783356824,1762783356824);
INSERT INTO MessagingEmailLinkRecipient VALUES('cmht7p389000kpom19wpjbwig','cmht7p387000apom1gfa9bw6g','cmht7p3860006pom1lap0ayp4','94d94d9c-0d57-4383-9a65-b335996f68b7',0,NULL,NULL,1762783356826,1762783356826);
INSERT INTO MessagingEmailLinkRecipient VALUES('cmht7p38a000mpom1r6asmamg','cmht7p387000cpom1ewyc43qd','cmht7p3860006pom1lap0ayp4','ab470fb2-84e8-48d8-8307-351aacc9ff1d',0,NULL,NULL,1762783356826,1762783356826);
INSERT INTO MessagingEmailLinkRecipient VALUES('cmht7p38a000opom1n9u6rah6','cmht7p387000epom160c2s6io','cmht7p3860006pom1lap0ayp4','9d88abe0-74a8-4e32-8ff7-8cfa90efee69',0,NULL,NULL,1762783356826,1762783356826);
INSERT INTO MessagingEmailLinkRecipient VALUES('cmht7p38a000qpom1c0zb0kxr','cmht7p387000gpom1frc1xdjz','cmht7p3860006pom1lap0ayp4','2b11c54f-e664-4674-9f3c-355c992fa02c',0,NULL,NULL,1762783356827,1762783356827);
CREATE TABLE IF NOT EXISTS "MessagingEmailEvent" (
    "id" TEXT NOT NULL PRIMARY KEY,
    "emailId" TEXT NOT NULL,
    "recipientId" TEXT,
    "linkId" TEXT,
    "linkRecipientId" TEXT,
    "type" TEXT NOT NULL,
    "userAgent" TEXT,
    "deviceFamily" TEXT,
    "deviceType" TEXT,
    "occurredAt" DATETIME NOT NULL DEFAULT CURRENT_TIMESTAMP,
    "createdAt" DATETIME NOT NULL DEFAULT CURRENT_TIMESTAMP,
    CONSTRAINT "MessagingEmailEvent_emailId_fkey" FOREIGN KEY ("emailId") REFERENCES "MessagingEmail" ("id") ON DELETE CASCADE ON UPDATE CASCADE,
    CONSTRAINT "MessagingEmailEvent_recipientId_fkey" FOREIGN KEY ("recipientId") REFERENCES "MessagingEmailRecipient" ("id") ON DELETE SET NULL ON UPDATE CASCADE,
    CONSTRAINT "MessagingEmailEvent_linkId_fkey" FOREIGN KEY ("linkId") REFERENCES "MessagingEmailLink" ("id") ON DELETE SET NULL ON UPDATE CASCADE,
    CONSTRAINT "MessagingEmailEvent_linkRecipientId_fkey" FOREIGN KEY ("linkRecipientId") REFERENCES "MessagingEmailLinkRecipient" ("id") ON DELETE SET NULL ON UPDATE CASCADE
);
INSERT INTO MessagingEmailEvent VALUES('cmhncf08q000gnyxt9m9v76qa','cmhncctrf0009nyxt2iiyxou7','cmhncctrf000anyxt8xmp6o7c',NULL,NULL,'OPEN','Mozilla/5.0 (Macintosh; Intel Mac OS X 10_15_7) AppleWebKit/537.36 (KHTML, like Gecko) Chrome/142.0.0.0 Safari/537.36','Apple Macintosh Mac OS Chrome',NULL,1762428487415,1762428487418);
INSERT INTO MessagingEmailEvent VALUES('cmhncf3b4000inyxtmupnkq5c','cmhncctrf0009nyxt2iiyxou7','cmhncctrf000anyxt8xmp6o7c',NULL,NULL,'OPEN','Mozilla/5.0 (Macintosh; Intel Mac OS X 10_15_7) AppleWebKit/537.36 (KHTML, like Gecko) Chrome/142.0.0.0 Safari/537.36','Apple Macintosh Mac OS Chrome',NULL,1762428491386,1762428491393);
INSERT INTO MessagingEmailEvent VALUES('cmhncflu6000knyxt8s3wac24','cmhncctrf0009nyxt2iiyxou7','cmhncctrf000anyxt8xmp6o7c',NULL,NULL,'OPEN','Mozilla/5.0 (Macintosh; Intel Mac OS X 10_15_7) AppleWebKit/537.36 (KHTML, like Gecko) Chrome/142.0.0.0 Safari/537.36','Apple Macintosh Mac OS Chrome',NULL,1762428515405,1762428515406);
INSERT INTO MessagingEmailEvent VALUES('cmhncg33m000mnyxt6mmkyd1d','cmhncctrf0009nyxt2iiyxou7','cmhncctrf000anyxt8xmp6o7c',NULL,NULL,'OPEN','Mozilla/5.0 (Macintosh; Intel Mac OS X 10_15_7) AppleWebKit/537.36 (KHTML, like Gecko) Chrome/142.0.0.0 Safari/537.36','Apple Macintosh Mac OS Chrome',NULL,1762428537776,1762428537779);
INSERT INTO MessagingEmailEvent VALUES('cmhncgia6000onyxtyeeagikw','cmhncctrf0009nyxt2iiyxou7','cmhncctrf000anyxt8xmp6o7c',NULL,NULL,'OPEN','Mozilla/5.0 (Macintosh; Intel Mac OS X 10_15_7) AppleWebKit/537.36 (KHTML, like Gecko) Chrome/142.0.0.0 Safari/537.36','Apple Macintosh Mac OS Chrome',NULL,1762428557452,1762428557455);
INSERT INTO MessagingEmailEvent VALUES('cmhnch4ez000qnyxt0rjakqkf','cmhncctrf0009nyxt2iiyxou7','cmhncctrf000anyxt8xmp6o7c',NULL,NULL,'OPEN','Mozilla/5.0 (Macintosh; Intel Mac OS X 10_15_7) AppleWebKit/537.36 (KHTML, like Gecko) Chrome/142.0.0.0 Safari/537.36','Apple Macintosh Mac OS Chrome',NULL,1762428586137,1762428586139);
INSERT INTO MessagingEmailEvent VALUES('cmhnchd3i000snyxt2h5izfpb','cmhncctrf0009nyxt2iiyxou7','cmhncctrf000anyxt8xmp6o7c',NULL,NULL,'OPEN','Mozilla/5.0 (Macintosh; Intel Mac OS X 10_15_7) AppleWebKit/537.36 (KHTML, like Gecko) Chrome/142.0.0.0 Safari/537.36','Apple Macintosh Mac OS Chrome',NULL,1762428597388,1762428597390);
INSERT INTO MessagingEmailEvent VALUES('cmhnci92e000unyxtcgpufsxa','cmhncctrf0009nyxt2iiyxou7','cmhncctrf000anyxt8xmp6o7c',NULL,NULL,'OPEN','Mozilla/5.0 (Macintosh; Intel Mac OS X 10_15_7) AppleWebKit/537.36 (KHTML, like Gecko) Chrome/142.0.0.0 Safari/537.36','Apple Macintosh Mac OS Chrome',NULL,1762428638820,1762428638822);
INSERT INTO MessagingEmailEvent VALUES('cmhncjjez000wnyxtkzzymxjq','cmhncctrf0009nyxt2iiyxou7','cmhncctrf000anyxt8xmp6o7c',NULL,NULL,'OPEN','Mozilla/5.0 (Macintosh; Intel Mac OS X 10_15_7) AppleWebKit/537.36 (KHTML, like Gecko) Chrome/142.0.0.0 Safari/537.36','Apple Macintosh Mac OS Chrome',NULL,1762428698889,1762428698891);
INSERT INTO MessagingEmailEvent VALUES('cmhncjm2w000ynyxthqdob8w4','cmhncctrf0009nyxt2iiyxou7','cmhncctrf000anyxt8xmp6o7c',NULL,NULL,'OPEN','Mozilla/5.0 (Macintosh; Intel Mac OS X 10_15_7) AppleWebKit/537.36 (KHTML, like Gecko) Chrome/142.0.0.0 Safari/537.36','Apple Macintosh Mac OS Chrome',NULL,1762428702342,1762428702344);
INSERT INTO MessagingEmailEvent VALUES('cmhncnc9y0010nyxt290rcoyf','cmhncctrf0009nyxt2iiyxou7','cmhncctrf000anyxt8xmp6o7c',NULL,NULL,'OPEN','Mozilla/5.0 (Macintosh; Intel Mac OS X 10_15_7) AppleWebKit/537.36 (KHTML, like Gecko) Chrome/142.0.0.0 Safari/537.36','Apple Macintosh Mac OS Chrome',NULL,1762428876260,1762428876262);
INSERT INTO MessagingEmailEvent VALUES('cmhncndhl0012nyxtuwj5bacx','cmhncctrf0009nyxt2iiyxou7','cmhncctrf000anyxt8xmp6o7c',NULL,NULL,'OPEN','Mozilla/5.0 (Macintosh; Intel Mac OS X 10_15_7) AppleWebKit/537.36 (KHTML, like Gecko) Chrome/142.0.0.0 Safari/537.36','Apple Macintosh Mac OS Chrome',NULL,1762428877831,1762428877833);
INSERT INTO MessagingEmailEvent VALUES('cmhncnexx0014nyxtx3jjhzih','cmhncctrf0009nyxt2iiyxou7','cmhncctrf000anyxt8xmp6o7c',NULL,NULL,'OPEN','Mozilla/5.0 (Macintosh; Intel Mac OS X 10_15_7) AppleWebKit/537.36 (KHTML, like Gecko) Chrome/142.0.0.0 Safari/537.36','Apple Macintosh Mac OS Chrome',NULL,1762428879715,1762428879717);
INSERT INTO MessagingEmailEvent VALUES('cmhncox4c0016nyxtldhj0itu','cmhncctrf0009nyxt2iiyxou7','cmhncctrf000anyxt8xmp6o7c',NULL,NULL,'OPEN','Mozilla/5.0 (Macintosh; Intel Mac OS X 10_15_7) AppleWebKit/537.36 (KHTML, like Gecko) Chrome/142.0.0.0 Safari/537.36','Apple Macintosh Mac OS Chrome',NULL,1762428949926,1762428949932);
INSERT INTO MessagingEmailEvent VALUES('cmhncp1920018nyxt90smxgup','cmhncctrf0009nyxt2iiyxou7','cmhncctrf000anyxt8xmp6o7c',NULL,NULL,'OPEN','Mozilla/5.0 (Macintosh; Intel Mac OS X 10_15_7) AppleWebKit/537.36 (KHTML, like Gecko) Chrome/142.0.0.0 Safari/537.36','Apple Macintosh Mac OS Chrome',NULL,1762428955281,1762428955287);
INSERT INTO MessagingEmailEvent VALUES('cmhncpg3n001anyxtp3pbgyyn','cmhncctrf0009nyxt2iiyxou7','cmhncctrf000anyxt8xmp6o7c',NULL,NULL,'OPEN','Mozilla/5.0 (Macintosh; Intel Mac OS X 10_15_7) AppleWebKit/537.36 (KHTML, like Gecko) Chrome/142.0.0.0 Safari/537.36','Apple Macintosh Mac OS Chrome',NULL,1762428974528,1762428974531);
INSERT INTO MessagingEmailEvent VALUES('cmhncqqh0001cnyxtsbmz8ym7','cmhncctrf0009nyxt2iiyxou7','cmhncctrf000anyxt8xmp6o7c',NULL,NULL,'OPEN','Mozilla/5.0 (Macintosh; Intel Mac OS X 10_15_7) AppleWebKit/537.36 (KHTML, like Gecko) Chrome/142.0.0.0 Safari/537.36','Apple Macintosh Mac OS Chrome',NULL,1762429034626,1762429034628);
INSERT INTO MessagingEmailEvent VALUES('cmhncusyl001enyxt0ghhn1qn','cmhncctrf0009nyxt2iiyxou7','cmhncctrf000anyxt8xmp6o7c',NULL,NULL,'OPEN','Mozilla/5.0 (Macintosh; Intel Mac OS X 10_15_7) AppleWebKit/537.36 (KHTML, like Gecko) Chrome/142.0.0.0 Safari/537.36','Apple Macintosh Mac OS Chrome',NULL,1762429224472,1762429224478);
INSERT INTO MessagingEmailEvent VALUES('cmhncz570000any1qdqvp5fgp','cmhncysg60005ny1qtmb0c9f4','cmhncysg60007ny1qm7qnbps5',NULL,NULL,'OPEN','Mozilla/5.0 (Macintosh; Intel Mac OS X 10_15_7) AppleWebKit/537.36 (KHTML, like Gecko) Chrome/142.0.0.0 Safari/537.36','Apple Macintosh Mac OS Chrome',NULL,1762429426953,1762429426957);
INSERT INTO MessagingEmailEvent VALUES('cmhnd1wlc000cny1qygt4rsu2','cmhncysg60005ny1qtmb0c9f4','cmhncysg60007ny1qm7qnbps5',NULL,NULL,'OPEN','Mozilla/5.0 (Macintosh; Intel Mac OS X 10_15_7) AppleWebKit/537.36 (KHTML, like Gecko) Chrome/142.0.0.0 Safari/537.36','Apple Macintosh Mac OS Chrome',NULL,1762429555773,1762429555777);
INSERT INTO MessagingEmailEvent VALUES('cmhnd58gy000eny1q3r03l9l1','cmhncysg60005ny1qtmb0c9f4','cmhncysg60007ny1qm7qnbps5',NULL,NULL,'OPEN','Mozilla/5.0 (Macintosh; Intel Mac OS X 10_15_7) AppleWebKit/537.36 (KHTML, like Gecko) Chrome/142.0.0.0 Safari/537.36','Apple Macintosh Mac OS Chrome',NULL,1762429711135,1762429711138);
INSERT INTO MessagingEmailEvent VALUES('cmhnd6xlf000gny1qrmhn2i7q','cmhncysg60005ny1qtmb0c9f4','cmhncysg60006ny1qat5nm7ox',NULL,NULL,'OPEN','Mozilla/5.0 (Macintosh; Intel Mac OS X 10_15_7) AppleWebKit/537.36 (KHTML, like Gecko) Chrome/142.0.0.0 Safari/537.36','Apple Macintosh Mac OS Chrome',NULL,1762429790352,1762429790355);
INSERT INTO MessagingEmailEvent VALUES('cmhnd8qs3000iny1q923s55ad','cmhncysg60005ny1qtmb0c9f4','cmhncysg60007ny1qm7qnbps5',NULL,NULL,'OPEN','Mozilla/5.0 (Macintosh; Intel Mac OS X 10_15_7) AppleWebKit/537.36 (KHTML, like Gecko) Chrome/142.0.0.0 Safari/537.36','Apple Macintosh Mac OS Chrome',NULL,1762429874832,1762429874835);
INSERT INTO MessagingEmailEvent VALUES('cmhov4cy9000ypoxw28ncadj1','cmhov3rt0000tpoxwpqpdsdwk','cmhov3rt0000upoxwihhgng9y',NULL,NULL,'OPEN','Mozilla/5.0 (Macintosh; Intel Mac OS X 10_15_7) AppleWebKit/537.36 (KHTML, like Gecko) Chrome/142.0.0.0 Safari/537.36','Apple Macintosh Mac OS Chrome',NULL,1762520369550,1762520369553);
INSERT INTO MessagingEmailEvent VALUES('cmhov86460014poxw0pyoxdss','cmhov3rt0000tpoxwpqpdsdwk','cmhov3rt0000upoxwihhgng9y',NULL,NULL,'OPEN','Mozilla/5.0 (Macintosh; Intel Mac OS X 10_15_7) AppleWebKit/537.36 (KHTML, like Gecko) Chrome/142.0.0.0 Safari/537.36','Apple Macintosh Mac OS Chrome',NULL,1762520547317,1762520547319);
INSERT INTO MessagingEmailEvent VALUES('cmhovankm0016poxwzmy0s4jp','cmhov3rt0000tpoxwpqpdsdwk','cmhov3rt0000wpoxwag3sfjz1',NULL,NULL,'OPEN','YahooMailProxy; https://help.yahoo.com/kb/yahoo-mail-proxy-SLN28749.html',NULL,NULL,1762520663245,1762520663254);
INSERT INTO MessagingEmailEvent VALUES('cmhovbtqs0018poxwynpq58g7','cmhov3rt0000tpoxwpqpdsdwk','cmhov3rt0000upoxwihhgng9y',NULL,NULL,'OPEN','Mozilla/5.0 (Macintosh; Intel Mac OS X 10_15_7) AppleWebKit/537.36 (KHTML, like Gecko) Chrome/142.0.0.0 Safari/537.36','Apple Macintosh Mac OS Chrome',NULL,1762520717905,1762520717908);
INSERT INTO MessagingEmailEvent VALUES('cmhovfket001apoxw4yl77u0a','cmhov3rt0000tpoxwpqpdsdwk','cmhov3rt0000upoxwihhgng9y',NULL,NULL,'OPEN','Mozilla/5.0 (Macintosh; Intel Mac OS X 10_15_7) AppleWebKit/537.36 (KHTML, like Gecko) Chrome/142.0.0.0 Safari/537.36','Apple Macintosh Mac OS Chrome',NULL,1762520892434,1762520892437);
INSERT INTO MessagingEmailEvent VALUES('cmhovlix7001cpoxwgssfuuqx','cmhov3rt0000tpoxwpqpdsdwk','cmhov3rt0000upoxwihhgng9y',NULL,NULL,'OPEN','Mozilla/5.0 (Macintosh; Intel Mac OS X 10_15_7) AppleWebKit/537.36 (KHTML, like Gecko) Chrome/142.0.0.0 Safari/537.36','Apple Macintosh Mac OS Chrome',NULL,1762521170439,1762521170443);
INSERT INTO MessagingEmailEvent VALUES('cmhsx8isf0014ny8l9jsj92u9','cmhsx35wp000jny8lp6r29jnw','cmhsx35wp000kny8l17iuk9px',NULL,NULL,'OPEN','Mozilla/5.0 (Macintosh; Intel Mac OS X 10_15_7) AppleWebKit/537.36 (KHTML, like Gecko) Chrome/142.0.0.0 Safari/537.36','Apple Macintosh Mac OS Chrome',NULL,1762765787674,1762765787679);
INSERT INTO MessagingEmailEvent VALUES('cmhsx8isi0016ny8lqshnmyce','cmhsx35wp000jny8lp6r29jnw','cmhsx35wp000kny8l17iuk9px',NULL,NULL,'OPEN','Mozilla/5.0 (Macintosh; Intel Mac OS X 10_15_7) AppleWebKit/537.36 (KHTML, like Gecko) Chrome/142.0.0.0 Safari/537.36','Apple Macintosh Mac OS Chrome',NULL,1762765787677,1762765787682);
INSERT INTO MessagingEmailEvent VALUES('cmhsx8isp0018ny8lhj30ijhu','cmhsx35wp000jny8lp6r29jnw','cmhsx35wp000kny8l17iuk9px',NULL,NULL,'OPEN','Mozilla/5.0 (Macintosh; Intel Mac OS X 10_15_7) AppleWebKit/537.36 (KHTML, like Gecko) Chrome/142.0.0.0 Safari/537.36','Apple Macintosh Mac OS Chrome',NULL,1762765787675,1762765787689);
INSERT INTO MessagingEmailEvent VALUES('cmhsx8l99001any8lua52yuga','cmhsx41l3000uny8l7iw8r16n','cmhsx41l3000vny8l1mvadlbg',NULL,NULL,'OPEN','Mozilla/5.0 (Macintosh; Intel Mac OS X 10_15_7) AppleWebKit/537.36 (KHTML, like Gecko) Chrome/142.0.0.0 Safari/537.36','Apple Macintosh Mac OS Chrome',NULL,1762765790871,1762765790877);
INSERT INTO MessagingEmailEvent VALUES('cmhsx8l9g001cny8ltn9p776m','cmhsx41l3000uny8l7iw8r16n','cmhsx41l3000vny8l1mvadlbg',NULL,NULL,'OPEN','Mozilla/5.0 (Macintosh; Intel Mac OS X 10_15_7) AppleWebKit/537.36 (KHTML, like Gecko) Chrome/142.0.0.0 Safari/537.36','Apple Macintosh Mac OS Chrome',NULL,1762765790875,1762765790884);
INSERT INTO MessagingEmailEvent VALUES('cmhsx8oka001eny8l5jftcnw2','cmhsx4n9t0011ny8lsppid2vc','cmhsx4n9t0012ny8lnu8tfhh9',NULL,NULL,'OPEN','Mozilla/5.0 (Macintosh; Intel Mac OS X 10_15_7) AppleWebKit/537.36 (KHTML, like Gecko) Chrome/142.0.0.0 Safari/537.36','Apple Macintosh Mac OS Chrome',NULL,1762765795159,1762765795163);
INSERT INTO MessagingEmailEvent VALUES('cmhsx8okk001gny8l9v4bc6g5','cmhsx4n9t0011ny8lsppid2vc','cmhsx4n9t0012ny8lnu8tfhh9',NULL,NULL,'OPEN','Mozilla/5.0 (Macintosh; Intel Mac OS X 10_15_7) AppleWebKit/537.36 (KHTML, like Gecko) Chrome/142.0.0.0 Safari/537.36','Apple Macintosh Mac OS Chrome',NULL,1762765795159,1762765795172);
INSERT INTO MessagingEmailEvent VALUES('cmhsxcjxq001kny8ltmrrkpea','cmhsx35wp000jny8lp6r29jnw','cmhsx35wp000kny8l17iuk9px',NULL,NULL,'OPEN','Mozilla/5.0 (Macintosh; Intel Mac OS X 10_15_7) AppleWebKit/537.36 (KHTML, like Gecko) Chrome/142.0.0.0 Safari/537.36','Apple Macintosh Mac OS Chrome',NULL,1762765975785,1762765975791);
INSERT INTO MessagingEmailEvent VALUES('cmhsxcjxu001mny8ljhfuw69b','cmhsx35wp000jny8lp6r29jnw','cmhsx35wp000kny8l17iuk9px',NULL,NULL,'OPEN','Mozilla/5.0 (Macintosh; Intel Mac OS X 10_15_7) AppleWebKit/537.36 (KHTML, like Gecko) Chrome/142.0.0.0 Safari/537.36','Apple Macintosh Mac OS Chrome',NULL,1762765975789,1762765975795);
INSERT INTO MessagingEmailEvent VALUES('cmhsz7dci000rnys54p5i7c3n','cmhsz42ow000hnys55bt7ng2j','cmhsz42ow000inys5a45xfowg',NULL,NULL,'OPEN','YahooMailProxy; https://help.yahoo.com/kb/yahoo-mail-proxy-SLN28749.html',NULL,NULL,1762769093194,1762769093202);
INSERT INTO MessagingEmailEvent VALUES('cmhsz8y6x000tnys5jmeaeh6f','cmhsz52wo000onys58ajd13hw','cmhsz52wo000pnys51ae6tk02',NULL,NULL,'OPEN','Mozilla/5.0 (Macintosh; Intel Mac OS X 10_15_7) AppleWebKit/537.36 (KHTML, like Gecko) Chrome/142.0.0.0 Safari/537.36','Apple Macintosh Mac OS Chrome',NULL,1762769166867,1762769166873);
INSERT INTO MessagingEmailEvent VALUES('cmhsz8y70000vnys5lrh2kn86','cmhsz52wo000onys58ajd13hw','cmhsz52wo000pnys51ae6tk02',NULL,NULL,'OPEN','Mozilla/5.0 (Macintosh; Intel Mac OS X 10_15_7) AppleWebKit/537.36 (KHTML, like Gecko) Chrome/142.0.0.0 Safari/537.36','Apple Macintosh Mac OS Chrome',NULL,1762769166868,1762769166876);
INSERT INTO MessagingEmailEvent VALUES('cmhsz8y75000xnys5ht8ijgmh','cmhsz52wo000onys58ajd13hw','cmhsz52wo000pnys51ae6tk02',NULL,NULL,'OPEN','Mozilla/5.0 (Macintosh; Intel Mac OS X 10_15_7) AppleWebKit/537.36 (KHTML, like Gecko) Chrome/142.0.0.0 Safari/537.36','Apple Macintosh Mac OS Chrome',NULL,1762769166871,1762769166882);
INSERT INTO MessagingEmailEvent VALUES('cmhsz8y7k000znys5smw2b75s','cmhsz52wo000onys58ajd13hw','cmhsz52wo000pnys51ae6tk02',NULL,NULL,'OPEN','Mozilla/5.0 (Macintosh; Intel Mac OS X 10_15_7) AppleWebKit/537.36 (KHTML, like Gecko) Chrome/142.0.0.0 Safari/537.36','Apple Macintosh Mac OS Chrome',NULL,1762769166870,1762769166896);
INSERT INTO MessagingEmailEvent VALUES('cmht0c8gu000opo0c2cyj0n6b','cmht06q0q000dpo0c2nsg8l54','cmht06q0q000fpo0csh75snq1',NULL,NULL,'OPEN','YahooMailProxy; https://help.yahoo.com/kb/yahoo-mail-proxy-SLN28749.html',NULL,NULL,1762770999763,1762770999774);
INSERT INTO MessagingEmailEvent VALUES('cmht19l5i000gpolujk1ey7bs','cmht172mn000cpoluod10509d','cmht172mn000dpoludegiartn',NULL,NULL,'OPEN','YahooMailProxy; https://help.yahoo.com/kb/yahoo-mail-proxy-SLN28749.html',NULL,NULL,1762772555844,1762772555862);
INSERT INTO MessagingEmailEvent VALUES('cmht19l5k000ipoluq9pmzx2x','cmht172mn000cpoluod10509d','cmht172mn000dpoludegiartn',NULL,NULL,'OPEN','YahooMailProxy; https://help.yahoo.com/kb/yahoo-mail-proxy-SLN28749.html',NULL,NULL,1762772555861,1762772555865);
INSERT INTO MessagingEmailEvent VALUES('cmht19l5s000kpolutzzlg2iw','cmht172mn000cpoluod10509d','cmht172mn000dpoludegiartn',NULL,NULL,'OPEN','YahooMailProxy; https://help.yahoo.com/kb/yahoo-mail-proxy-SLN28749.html',NULL,NULL,1762772555852,1762772555872);
INSERT INTO MessagingEmailEvent VALUES('cmht19l64000mpolu4667351w','cmht172mn000cpoluod10509d','cmht172mn000dpoludegiartn',NULL,NULL,'OPEN','YahooMailProxy; https://help.yahoo.com/kb/yahoo-mail-proxy-SLN28749.html',NULL,NULL,1762772555860,1762772555884);
INSERT INTO MessagingEmailEvent VALUES('cmht1t2pm000dpom7je29g68e','cmht1rnss0009pom70xszr31w','cmht1rnss000apom7efp79yhm',NULL,NULL,'OPEN','YahooMailProxy; https://help.yahoo.com/kb/yahoo-mail-proxy-SLN28749.html',NULL,NULL,1762773465072,1762773465083);
INSERT INTO MessagingEmailEvent VALUES('cmht1vjoc000fpom70n2rzww2','cmhsz52wo000onys58ajd13hw','cmhsz52wo000pnys51ae6tk02',NULL,NULL,'OPEN','Mozilla/5.0 (Macintosh; Intel Mac OS X 10_15_7) AppleWebKit/537.36 (KHTML, like Gecko) Chrome/142.0.0.0 Safari/537.36','Apple Macintosh Mac OS Chrome',NULL,1762773580372,1762773580381);
INSERT INTO MessagingEmailEvent VALUES('cmht1vjog000hpom7cgsoz9h1','cmhsz52wo000onys58ajd13hw','cmhsz52wo000pnys51ae6tk02',NULL,NULL,'OPEN','Mozilla/5.0 (Macintosh; Intel Mac OS X 10_15_7) AppleWebKit/537.36 (KHTML, like Gecko) Chrome/142.0.0.0 Safari/537.36','Apple Macintosh Mac OS Chrome',NULL,1762773580379,1762773580384);
INSERT INTO MessagingEmailEvent VALUES('cmht1vjom000jpom7b83lxw3w','cmhsz52wo000onys58ajd13hw','cmhsz52wo000pnys51ae6tk02',NULL,NULL,'OPEN','Mozilla/5.0 (Macintosh; Intel Mac OS X 10_15_7) AppleWebKit/537.36 (KHTML, like Gecko) Chrome/142.0.0.0 Safari/537.36','Apple Macintosh Mac OS Chrome',NULL,1762773580375,1762773580391);
INSERT INTO MessagingEmailEvent VALUES('cmht1vjoz000lpom7t2o1y0t4','cmhsz52wo000onys58ajd13hw','cmhsz52wo000pnys51ae6tk02',NULL,NULL,'OPEN','Mozilla/5.0 (Macintosh; Intel Mac OS X 10_15_7) AppleWebKit/537.36 (KHTML, like Gecko) Chrome/142.0.0.0 Safari/537.36','Apple Macintosh Mac OS Chrome',NULL,1762773580378,1762773580404);
INSERT INTO MessagingEmailEvent VALUES('cmht1w3iw000npom7jd909ita','cmht1rnss0009pom70xszr31w','cmht1rnss000apom7efp79yhm',NULL,NULL,'OPEN','YahooMailProxy; https://help.yahoo.com/kb/yahoo-mail-proxy-SLN28749.html',NULL,NULL,1762773606102,1762773606105);
CREATE TABLE IF NOT EXISTS "InvoiceAuditLog" (
    "id" TEXT NOT NULL PRIMARY KEY,
    "invoiceId" TEXT NOT NULL,
    "userId" TEXT NOT NULL,
    "action" TEXT NOT NULL,
    "previousStatus" TEXT,
    "newStatus" TEXT,
    "note" TEXT,
    "createdAt" DATETIME NOT NULL DEFAULT CURRENT_TIMESTAMP,
    CONSTRAINT "InvoiceAuditLog_userId_fkey" FOREIGN KEY ("userId") REFERENCES "User" ("id") ON DELETE CASCADE ON UPDATE CASCADE
);
CREATE TABLE IF NOT EXISTS "MessagingAutoReplyLog" (
    "id" TEXT NOT NULL PRIMARY KEY,
    "userId" TEXT NOT NULL,
    "senderEmail" TEXT NOT NULL,
    "replyType" TEXT NOT NULL,
    "originalMessageId" TEXT,
    "originalUid" INTEGER,
    "sentAt" DATETIME NOT NULL DEFAULT CURRENT_TIMESTAMP,
    "createdAt" DATETIME NOT NULL DEFAULT CURRENT_TIMESTAMP,
    CONSTRAINT "MessagingAutoReplyLog_userId_fkey" FOREIGN KEY ("userId") REFERENCES "User" ("id") ON DELETE CASCADE ON UPDATE CASCADE
);
INSERT INTO MessagingAutoReplyLog VALUES('cmhorjla1000lpom7ahmhot5l','cmhj8mbrc0007potkyzck5wsk','brinisaziz@gmail.com','STANDARD','<CADifVEkq6RG6Qu=Hd62L=u3otAXFbPs=H+X1hfvwOtgYQ2RoQg@mail.gmail.com>',1592,1762514361721,1762514361721);
INSERT INTO MessagingAutoReplyLog VALUES('cmhorq6f2000npom7ti6iyber','cmhj8mbrc0007potkyzck5wsk','brinisfehri@gmail.com','STANDARD','<CANvaXg8czTOinyndQ301917k=K8zCEc2JREN=qxtXyU0+OE--A@mail.gmail.com>',1593,1762514669054,1762514669054);
INSERT INTO MessagingAutoReplyLog VALUES('cmhoruvon0015pom77dzlypex','cmhj8mbrc0007potkyzck5wsk','maatkizied@gmail.com','VACATION','<001201dc4fd9$49ad1650$dd0742f0$@gmail.com>',1595,1762514888424,1762514888424);
INSERT INTO MessagingAutoReplyLog VALUES('cmhos5nie002lpom7ev7hytd7','cmhj8mbrc0007potkyzck5wsk','omarnechi23699@gmail.com','VACATION','<CAJX_uB8-jTFBneov9OCvjvXdvgjEvH2FuCGpjy7BTFvxEnTHEw@mail.gmail.com>',1597,1762515391046,1762515391046);
INSERT INTO MessagingAutoReplyLog VALUES('cmhosqjk4000lpo0umz0rn243','cmhj8mbrc0007potkyzck5wsk','thisishalolo@gmail.com','VACATION','<CAAEsJfX7DZ+N35UrzSOAqjVPaahqsSEuP34GpEuDv9sT7qkrkw@mail.gmail.com>',1598,1762516365700,1762516365700);
INSERT INTO MessagingAutoReplyLog VALUES('cmhosuddu000rpo0ur0o37uss','cmhj8mbrc0007potkyzck5wsk','omarnechi23699@gmail.com','STANDARD','<CAJX_uB90ZRyirSxJi_FQjGE1tZ6bhxv_VqKtt8BXqoWaw=iEWg@mail.gmail.com>',1599,1762516544322,1762516544322);
INSERT INTO MessagingAutoReplyLog VALUES('cmhsxcdbq001iny8l0u9m072j','cmhj8mbrc0007potkyzck5wsk','rnta@rnta-mtk.com.tn','STANDARD','<79a909c7932b47179c4979b7c2c5e1d9@rnta-mtk.com.tn>',1602,1762765967223,1762765967223);
CREATE TABLE IF NOT EXISTS "MessagingSettings" (
    "id" TEXT NOT NULL PRIMARY KEY,
    "userId" TEXT NOT NULL,
    "fromEmail" TEXT,
    "senderName" TEXT,
    "senderLogoUrl" TEXT,
    "imapHost" TEXT,
    "imapPort" INTEGER,
    "imapSecure" BOOLEAN NOT NULL DEFAULT true,
    "imapUser" TEXT,
    "imapPassword" TEXT,
    "smtpHost" TEXT,
    "smtpPort" INTEGER,
    "smtpSecure" BOOLEAN NOT NULL DEFAULT true,
    "smtpUser" TEXT,
    "smtpPassword" TEXT,
    "spamFilterEnabled" BOOLEAN NOT NULL DEFAULT true,
    "trackingEnabled" BOOLEAN NOT NULL DEFAULT true,
    "autoReplyEnabled" BOOLEAN NOT NULL DEFAULT false,
    "autoReplySubject" TEXT,
    "autoReplyBody" TEXT,
    "vacationModeEnabled" BOOLEAN NOT NULL DEFAULT false,
    "vacationSubject" TEXT,
    "vacationMessage" TEXT,
    "vacationStartDate" DATETIME,
    "vacationEndDate" DATETIME,
    "vacationBackupEmail" TEXT,
    "createdAt" DATETIME NOT NULL DEFAULT CURRENT_TIMESTAMP,
    "updatedAt" DATETIME NOT NULL,
    CONSTRAINT "MessagingSettings_userId_fkey" FOREIGN KEY ("userId") REFERENCES "User" ("id") ON DELETE CASCADE ON UPDATE CASCADE
);
INSERT INTO MessagingSettings VALUES('cmhkdhysb0007po53t6n1drk2','cmhj8mbrc0007potkyzck5wsk','support@techno-smart.tn','Techno Smart','https://lh3.googleusercontent.com/pw/AP1GczOGCZmmQOsN6vVtRjRLdLDwATiH2rr5bFVcaDAigazbg3ZJZ3bZ62QkDEXjzdLZY87WaxJXjTV_cfG0psWQZrU3hrJHVqacinMxhSuC2IsVpSXEHLYPo60xLxdH8kDrhuIkXbwlxPDEuOZBkuKtPvdj=w1500-h1500-s-no-gm?authuser=0','ssl0.ovh.net',993,1,'ogtuTy+7Nb6RhtC1Gm3/MWVbpOVsKYztxYq4sho28foWwRR6EqZog6eLJ2WHJu6EU0mo','1ciT0bM7Yg92tJ1LQHnhlFwAKc780eERKH7ZEoGBOfrrUyp7SQYPOlXi/AWKCg==','ssl0.ovh.net',465,1,'kPWMoZ1yPK7AtFVM3yBVmLeMUw1iPsFcajtTrn7eBt9BvVGxHdwchCV05zcs3/ZNHZF8','9QUk9yhkAgOxm8galCvJpi74OA6BTXQu1QirRkdUvmhRT/kuxsQPeQ1uSWMQQw==',1,0,1,'Nous avons bien reçu votre email','Nous avons bien reçu votre email. Nous vous répondrons dans un délai maximum de 24h (hors week-ends et jours fériés).',0,'Je suis actuellement en congé','Je suis actuellement en congé jusqu''au {{return_date}}. Pour toute urgence, vous pouvez contacter : {{backup_email}}.',1762387200000,1762646400000,'finance@techno-smart.tn',1762248906587,1762783410286);
CREATE TABLE IF NOT EXISTS "MessagingScheduledEmail" (
    "id" TEXT NOT NULL PRIMARY KEY,
    "userId" TEXT NOT NULL,
    "to" JSONB NOT NULL,
    "cc" JSONB,
    "bcc" JSONB,
    "subject" TEXT NOT NULL,
    "text" TEXT NOT NULL,
    "html" TEXT NOT NULL,
    "previewText" TEXT NOT NULL,
    "sendAt" DATETIME NOT NULL,
    "sentAt" DATETIME,
    "canceledAt" DATETIME,
    "status" TEXT NOT NULL DEFAULT 'PENDING',
    "failureReason" TEXT,
    "createdAt" DATETIME NOT NULL DEFAULT CURRENT_TIMESTAMP,
    "updatedAt" DATETIME NOT NULL,
    CONSTRAINT "MessagingScheduledEmail_userId_fkey" FOREIGN KEY ("userId") REFERENCES "User" ("id") ON DELETE CASCADE ON UPDATE CASCADE
);
INSERT INTO MessagingScheduledEmail VALUES('cmhoukh0e000hpo5oyznu1pu3','cmhj8mbrc0007potkyzck5wsk','["brinisaziz@gmail.com"]',NULL,NULL,'Virement',unistr('Bonjour,\u000a    \u000a  \u000a  \u000a    \u000a      We received your payment\u000a    \u000a  \u000a  \u000a    \u000a      Nous restons disponibles pour toute question complémentaire.\u000a    \u000a  \u000a  \u000a    \u000a      Techno Smart\u000a    \u000a  \u000a  \u000a    \u000a      support@techno-smart.tn · +216 99 699 280\u000a    \u000a  \u000a  \u000a    \u000a      Rue Mohamed Kacem - Tazarka 8024 - Nabeul, Tunisie'),unistr('<table role="presentation" width="100%" cellpadding="0" cellspacing="0" style="width:100%;border-collapse:separate;border-spacing:0;font-family:''Segoe UI'',''Helvetica Neue'',Arial,''Liberation Sans'',sans-serif;color:#0f172a;">\u000d\u000a\u000d\u000a\u000d\u000a  <tr>\u000d\u000a    <td style="padding-bottom:16px;font-size:15px;line-height:1.6;color:#334155;">\u000d\u000a      Bonjour,\u000d\u000a    </td>\u000d\u000a  </tr>\u000d\u000a  <tr>\u000d\u000a    <td style="padding-bottom:16px;font-size:15px;line-height:1.6;color:#334155;">\u000d\u000a      We received your payment\u000d\u000a    </td>\u000d\u000a  </tr>\u000d\u000a  <tr>\u000d\u000a    <td style="padding-bottom:20px;font-size:15px;line-height:1.6;color:#334155;">\u000d\u000a      Nous restons disponibles pour toute question complémentaire.\u000d\u000a    </td>\u000d\u000a  </tr>\u000d\u000a  <tr>\u000d\u000a    <td style="font-size:15px;line-height:1.6;color:#0f172a;font-weight:600;">\u000d\u000a      Techno Smart\u000d\u000a    </td>\u000d\u000a  </tr>\u000d\u000a  <tr>\u000d\u000a    <td style="font-size:13px;line-height:1.5;color:#64748b;">\u000d\u000a      support@techno-smart.tn &middot; +216 99 699 280\u000d\u000a    </td>\u000d\u000a  </tr>\u000d\u000a  <tr>\u000d\u000a    <td style="font-size:13px;line-height:1.5;color:#64748b;">\u000d\u000a      Rue Mohamed Kacem - Tazarka 8024 - Nabeul, Tunisie\u000d\u000a    </td>\u000d\u000a  </tr>'),unistr('Bonjour,\u000a    \u000a  \u000a  \u000a    \u000a      We received your payment\u000a    \u000a  \u000a  \u000a    \u000a      Nous restons disponibles pour toute question complémentaire.\u000a    \u000a  \u000a  \u000a    \u000a      Techno Smart\u000a    \u000a  \u000a  \u000a    \u000a      support@techno-smart.tn · +216 99 699 280\u000a    \u000a  \u000a  \u000a    \u000a      Rue Mohamed Kacem - Tazarka 8024 - Nabeul, Tunisie'),1762519500000,1762519517293,NULL,'SENT',NULL,1762519441694,1762519517295);
INSERT INTO MessagingScheduledEmail VALUES('cmhounlo2000upo5ocj8gdzyl','cmhj8mbrc0007potkyzck5wsk','["brinisfehri@gmail.com"]',NULL,NULL,'Commande 112213',unistr('Bonjour,\u000a    \u000a  \u000a  \u000a    \u000a      Nous vous remercions d''avoir choisi Techno Smart. Vous trouverez en pièce jointe votre document de licence ainsi que votre facture.\u000a    \u000a  \u000a  \u000a    \u000a      Nous restons disponibles pour toute question complémentaire.\u000a    \u000a  \u000a  \u000a    \u000a      Techno Smart\u000a    \u000a  \u000a  \u000a    \u000a      support@techno-smart.tn · +216 99 699 280\u000a    \u000a  \u000a  \u000a    \u000a      Rue Mohamed Kacem - Tazarka 8024 - Nabeul, Tunisie'),unistr('<table role="presentation" width="100%" cellpadding="0" cellspacing="0" style="width:100%;border-collapse:separate;border-spacing:0;font-family:''Segoe UI'',''Helvetica Neue'',Arial,''Liberation Sans'',sans-serif;color:#0f172a;">\u000d\u000a\u000d\u000a\u000d\u000a  <tr>\u000d\u000a    <td style="padding-bottom:16px;font-size:15px;line-height:1.6;color:#334155;">\u000d\u000a      Bonjour,\u000d\u000a    </td>\u000d\u000a  </tr>\u000d\u000a  <tr>\u000d\u000a    <td style="padding-bottom:16px;font-size:15px;line-height:1.6;color:#334155;">\u000d\u000a      Nous vous remercions d''avoir choisi Techno Smart. Vous trouverez en pièce jointe votre document de licence ainsi que votre facture.\u000d\u000a    </td>\u000d\u000a  </tr>\u000d\u000a  <tr>\u000d\u000a    <td style="padding-bottom:20px;font-size:15px;line-height:1.6;color:#334155;">\u000d\u000a      Nous restons disponibles pour toute question complémentaire.\u000d\u000a    </td>\u000d\u000a  </tr>\u000d\u000a  <tr>\u000d\u000a    <td style="font-size:15px;line-height:1.6;color:#0f172a;font-weight:600;">\u000d\u000a      Techno Smart\u000d\u000a    </td>\u000d\u000a  </tr>\u000d\u000a  <tr>\u000d\u000a    <td style="font-size:13px;line-height:1.5;color:#64748b;">\u000d\u000a      support@techno-smart.tn &middot; +216 99 699 280\u000d\u000a    </td>\u000d\u000a  </tr>\u000d\u000a  <tr>\u000d\u000a    <td style="font-size:13px;line-height:1.5;color:#64748b;">\u000d\u000a      Rue Mohamed Kacem - Tazarka 8024 - Nabeul, Tunisie\u000d\u000a    </td>\u000d\u000a  </tr>'),unistr('Bonjour,\u000a    \u000a  \u000a  \u000a    \u000a      Nous vous remercions d''avoir choisi Techno Smart. Vous trouverez en pièce jointe votre document de licence ainsi que votre facture.\u000a    \u000a  \u000a  \u000a    \u000a      Nous restons disponibles pour toute question complémentaire.\u000a    \u000a  \u000a  \u000a    \u000a      Techno Smart\u000a    \u000a  \u000a  \u000a    \u000a      support@techno-smart.tn · +216 99 699 280\u000a    \u000a  \u000a  \u000a    \u000a      Rue Mohamed Kacem - Tazarka 8024 '),1762519800000,1762519817553,NULL,'SENT',NULL,1762519587699,1762519817554);
INSERT INTO MessagingScheduledEmail VALUES('cmhouoiez0014po5obn02pum9','cmhj8mbrc0007potkyzck5wsk','["thisishalolo@gmail.com"]',NULL,NULL,'espania',unistr('Bonjour,\u000a    \u000a  \u000a  \u000a    \u000a      Nous vous remercions d''avoir choisi Techno Smart. Vous trouverez en pièce jointe votre document de licence ainsi que votre facture.\u000a    \u000a  \u000a  \u000a    \u000a      Nous restons disponibles pour toute question complémentaire.\u000a    \u000a  \u000a  \u000a    \u000a      Techno Smart\u000a    \u000a  \u000a  \u000a    \u000a      support@techno-smart.tn · +216 99 699 280\u000a    \u000a  \u000a  \u000a    \u000a      Rue Mohamed Kacem - Tazarka 8024 - Nabeul, Tunisie'),unistr('<table role="presentation" width="100%" cellpadding="0" cellspacing="0" style="width:100%;border-collapse:separate;border-spacing:0;font-family:''Segoe UI'',''Helvetica Neue'',Arial,''Liberation Sans'',sans-serif;color:#0f172a;">\u000d\u000a\u000d\u000a\u000d\u000a  <tr>\u000d\u000a    <td style="padding-bottom:16px;font-size:15px;line-height:1.6;color:#334155;">\u000d\u000a      Bonjour,\u000d\u000a    </td>\u000d\u000a  </tr>\u000d\u000a  <tr>\u000d\u000a    <td style="padding-bottom:16px;font-size:15px;line-height:1.6;color:#334155;">\u000d\u000a      Nous vous remercions d''avoir choisi Techno Smart. Vous trouverez en pièce jointe votre document de licence ainsi que votre facture.\u000d\u000a    </td>\u000d\u000a  </tr>\u000d\u000a  <tr>\u000d\u000a    <td style="padding-bottom:20px;font-size:15px;line-height:1.6;color:#334155;">\u000d\u000a      Nous restons disponibles pour toute question complémentaire.\u000d\u000a    </td>\u000d\u000a  </tr>\u000d\u000a  <tr>\u000d\u000a    <td style="font-size:15px;line-height:1.6;color:#0f172a;font-weight:600;">\u000d\u000a      Techno Smart\u000d\u000a    </td>\u000d\u000a  </tr>\u000d\u000a  <tr>\u000d\u000a    <td style="font-size:13px;line-height:1.5;color:#64748b;">\u000d\u000a      support@techno-smart.tn &middot; +216 99 699 280\u000d\u000a    </td>\u000d\u000a  </tr>\u000d\u000a  <tr>\u000d\u000a    <td style="font-size:13px;line-height:1.5;color:#64748b;">\u000d\u000a      Rue Mohamed Kacem - Tazarka 8024 - Nabeul, Tunisie\u000d\u000a    </td>\u000d\u000a  </tr>'),unistr('Bonjour,\u000a    \u000a  \u000a  \u000a    \u000a      Nous vous remercions d''avoir choisi Techno Smart. Vous trouverez en pièce jointe votre document de licence ainsi que votre facture.\u000a    \u000a  \u000a  \u000a    \u000a      Nous restons disponibles pour toute question complémentaire.\u000a    \u000a  \u000a  \u000a    \u000a      Techno Smart\u000a    \u000a  \u000a  \u000a    \u000a      support@techno-smart.tn · +216 99 699 280\u000a    \u000a  \u000a  \u000a    \u000a      Rue Mohamed Kacem - Tazarka 8024 '),1762519980000,1762519998996,NULL,'SENT',NULL,1762519630139,1762519998997);
CREATE TABLE IF NOT EXISTS "MessagingScheduledAttachment" (
    "id" TEXT NOT NULL PRIMARY KEY,
    "scheduledEmailId" TEXT NOT NULL,
    "filename" TEXT,
    "contentType" TEXT,
    "size" INTEGER NOT NULL,
    "content" BLOB NOT NULL,
    "createdAt" DATETIME NOT NULL DEFAULT CURRENT_TIMESTAMP,
    CONSTRAINT "MessagingScheduledAttachment_scheduledEmailId_fkey" FOREIGN KEY ("scheduledEmailId") REFERENCES "MessagingScheduledEmail" ("id") ON DELETE CASCADE ON UPDATE CASCADE
);
CREATE TABLE IF NOT EXISTS "Client" (
    "id" TEXT NOT NULL PRIMARY KEY,
    "userId" TEXT NOT NULL,
    "displayName" TEXT NOT NULL,
    "companyName" TEXT,
    "address" TEXT,
    "email" TEXT,
    "phone" TEXT,
    "vatNumber" TEXT,
    "notes" TEXT,
    "isActive" BOOLEAN NOT NULL DEFAULT true,
    "source" TEXT NOT NULL DEFAULT 'MANUAL',
    "leadMetadata" JSONB,
    "createdAt" DATETIME NOT NULL DEFAULT CURRENT_TIMESTAMP,
    "updatedAt" DATETIME NOT NULL,
    CONSTRAINT "Client_userId_fkey" FOREIGN KEY ("userId") REFERENCES "User" ("id") ON DELETE CASCADE ON UPDATE CASCADE
);
INSERT INTO Client VALUES('cmhj8p05c000opotks7rs1tg0','cmhj8olxe000gpotkv1uvb3ja','Test',NULL,NULL,'test88998@gmail.com',NULL,NULL,NULL,1,'MANUAL',NULL,1762180370688,1762180370688);
INSERT INTO Client VALUES('cmhkdn8600009po530j9qgqod','cmhj8mbrc0007potkyzck5wsk','Groupe scolaire René DESCARTES',NULL,'2037 Ennasr, Tunisie','sayari@gsrdtunis.org',NULL,'428191W/A/M/000',NULL,1,'MANUAL',NULL,1762249152024,1762249152024);
INSERT INTO Client VALUES('cmhkekxmb0011po53pina0phm','cmhj8mbrc0007potkyzck5wsk','Testeur',NULL,NULL,NULL,NULL,NULL,NULL,1,'MANUAL',NULL,1762250724659,1762250724659);
INSERT INTO Client VALUES('cmhltl1lu0003poprlb2uum6k','cmhj8mbrc0007potkyzck5wsk','Aziz Brinis',NULL,NULL,'brinisaziz@gmail.com','99699280','FR98 7654 32109',NULL,1,'MANUAL',NULL,1762336390243,1762336390243);
INSERT INTO Client VALUES('cmhlyydhm000dpo21rdcy366t','cmhj8mbrc0007potkyzck5wsk','Fehri Brinis',NULL,NULL,'brinisfehri@gmail.com','51715135','1322123R/A/M/000',NULL,1,'MANUAL',NULL,1762345410250,1762345410250);
INSERT INTO Client VALUES('cmhm6lb460003po1qdj81shk5','cmhj8mbrc0007potkyzck5wsk','BokyVacations',NULL,NULL,'boky@boky.tn',NULL,NULL,NULL,1,'MANUAL',NULL,1762358237575,1762358237575);
CREATE TABLE IF NOT EXISTS "Product" (
    "id" TEXT NOT NULL PRIMARY KEY,
    "userId" TEXT NOT NULL,
    "sku" TEXT NOT NULL,
    "name" TEXT NOT NULL,
    "description" TEXT,
    "category" TEXT,
    "unit" TEXT NOT NULL DEFAULT 'unité',
    "priceHTCents" INTEGER NOT NULL,
    "priceTTCCents" INTEGER NOT NULL,
    "vatRate" REAL NOT NULL,
    "defaultDiscountRate" REAL,
    "isActive" BOOLEAN NOT NULL DEFAULT true,
    "isListedInCatalog" BOOLEAN NOT NULL DEFAULT true,
    "createdAt" DATETIME NOT NULL DEFAULT CURRENT_TIMESTAMP,
    "updatedAt" DATETIME NOT NULL,
    CONSTRAINT "Product_userId_fkey" FOREIGN KEY ("userId") REFERENCES "User" ("id") ON DELETE CASCADE ON UPDATE CASCADE
);
INSERT INTO Product VALUES('cmhj8pfcw000qpotkwpg1lnbn','cmhj8olxe000gpotkv1uvb3ja','SERV-DESIGN','Design 3D',NULL,NULL,'unité',100000,120000,20.0,NULL,1,1,1762180390401,1762180390401);
INSERT INTO Product VALUES('cmhkdp0i1000bpo539zmdbqcw','cmhj8mbrc0007potkyzck5wsk','ACC-3M','Adobe Creative Cloud - All Apps - 3 Mois',NULL,'Software','unité',379000,379000,0.0,NULL,1,1,1762249235401,1762249235401);
INSERT INTO Product VALUES('cmhkelh0z0013po53pzbqk7h2','cmhj8mbrc0007potkyzck5wsk','PRDTEST','Produit de Test',NULL,'Testeur','unité',100000,120000,20.0,NULL,1,1,1762250749811,1762250749811);
INSERT INTO Product VALUES('cmhlyz50j000fpo21b7hh1d2t','cmhj8mbrc0007potkyzck5wsk','OFF-365-ONEDRIVE','Microsoft Office 365 - OneDrive 1 To',NULL,'Software','unité',189000,202230,7.0,NULL,1,1,1762345445923,1762345445923);
INSERT INTO Product VALUES('cmhm6ln2p0005po1qfy8khkt3','cmhj8mbrc0007potkyzck5wsk','PROD','Production',NULL,NULL,'unité',100000,120000,20.0,NULL,1,1,1762358253074,1762358253074);
CREATE TABLE IF NOT EXISTS "WebsiteConfig" (
    "id" TEXT NOT NULL PRIMARY KEY,
    "userId" TEXT NOT NULL,
    "slug" TEXT NOT NULL,
    "templateKey" TEXT NOT NULL DEFAULT 'dev-agency',
    "previewToken" TEXT NOT NULL,
    "heroEyebrow" TEXT,
    "heroTitle" TEXT NOT NULL DEFAULT 'Découvrez nos solutions',
    "heroSubtitle" TEXT,
    "heroPrimaryCtaLabel" TEXT DEFAULT 'Demander un devis',
    "heroSecondaryCtaLabel" TEXT DEFAULT 'Télécharger la plaquette',
    "heroSecondaryCtaUrl" TEXT,
    "aboutTitle" TEXT,
    "aboutBody" TEXT,
    "contactBlurb" TEXT,
    "contactEmailOverride" TEXT,
    "contactPhoneOverride" TEXT,
    "contactAddressOverride" TEXT,
    "seoTitle" TEXT,
    "seoDescription" TEXT,
    "seoKeywords" TEXT,
    "socialImageUrl" TEXT,
    "socialLinks" JSONB,
    "theme" TEXT NOT NULL DEFAULT 'SYSTEM',
    "accentColor" TEXT NOT NULL DEFAULT '#2563eb',
    "showPrices" BOOLEAN NOT NULL DEFAULT true,
    "showInactiveProducts" BOOLEAN NOT NULL DEFAULT false,
    "featuredProductIds" JSONB,
    "leadNotificationEmail" TEXT,
    "leadAutoTag" TEXT,
    "leadThanksMessage" TEXT,
    "spamProtectionEnabled" BOOLEAN NOT NULL DEFAULT true,
    "customDomain" TEXT,
    "domainStatus" TEXT NOT NULL DEFAULT 'PENDING',
    "domainVerificationCode" TEXT NOT NULL,
    "domainVerifiedAt" DATETIME,
    "domainActivatedAt" DATETIME,
    "published" BOOLEAN NOT NULL DEFAULT false,
    "previewPath" TEXT NOT NULL DEFAULT 'catalogue',
    "createdAt" DATETIME NOT NULL DEFAULT CURRENT_TIMESTAMP,
    "updatedAt" DATETIME NOT NULL,
    CONSTRAINT "WebsiteConfig_userId_fkey" FOREIGN KEY ("userId") REFERENCES "User" ("id") ON DELETE CASCADE ON UPDATE CASCADE
);
INSERT INTO WebsiteConfig VALUES('cmht3jpue0003pop35x2d3wob','cmhj8mbrc0007potkyzck5wsk','techno-smart','dev-agency','cmht3jpue0004pop34v0w8asw','Catalogue public','Catalogue — Techno Smart','Publiez vos produits, rassurez vos prospects et capturez les demandes en direct.','Demander un devis','Télécharger la plaquette',NULL,'Pourquoi Techno Smart ?',NULL,'Rue Mohamed Kacem - Tazarka 8024 - Nabeul, Tunisie','support@techno-smart.tn','+216 99 699 280',NULL,NULL,NULL,NULL,NULL,NULL,'SYSTEM','#2563eb',1,0,NULL,'support@techno-smart.tn',NULL,NULL,1,'www.ticketing-app-dev.xyz','ACTIVE','cmht3jpue0005pop3kukeec5s',1762784356920,1762784362101,1,'catalogue',1762776387734,1762784362102);
INSERT INTO sqlite_sequence VALUES('SpamDetectionLog',60);
INSERT INTO sqlite_sequence VALUES('SpamDetectionLog',20);
INSERT INTO sqlite_sequence VALUES('SpamSenderReputation',0);
CREATE UNIQUE INDEX "Session_tokenHash_key" ON "Session"("tokenHash");
CREATE UNIQUE INDEX "User_email_key" ON "User"("email");
CREATE INDEX "MessagingSavedResponse_userId_title_idx" ON "MessagingSavedResponse"("userId", "title");
CREATE UNIQUE INDEX "MessagingSavedResponse_userId_slug_key" ON "MessagingSavedResponse"("userId", "slug");
CREATE INDEX "Quote_userId_status_idx" ON "Quote"("userId", "status");
CREATE INDEX "Quote_userId_clientId_idx" ON "Quote"("userId", "clientId");
CREATE UNIQUE INDEX "Quote_userId_number_key" ON "Quote"("userId", "number");
CREATE INDEX "Invoice_userId_status_idx" ON "Invoice"("userId", "status");
CREATE INDEX "Invoice_userId_clientId_idx" ON "Invoice"("userId", "clientId");
CREATE UNIQUE INDEX "Invoice_userId_number_key" ON "Invoice"("userId", "number");
CREATE UNIQUE INDEX "Invoice_quoteId_key" ON "Invoice"("quoteId");
CREATE INDEX "Payment_userId_idx" ON "Payment"("userId");
CREATE UNIQUE INDEX "CompanySettings_userId_key" ON "CompanySettings"("userId");
CREATE INDEX "NumberingSequence_userId_idx" ON "NumberingSequence"("userId");
CREATE UNIQUE INDEX "NumberingSequence_userId_type_year_key" ON "NumberingSequence"("userId", "type", "year");
CREATE INDEX "EmailLog_userId_documentType_idx" ON "EmailLog"("userId", "documentType");
CREATE INDEX "SpamDetectionLog_userId_mailbox_idx" ON "SpamDetectionLog"("userId", "mailbox");
CREATE INDEX "SpamSenderReputation_userId_idx" ON "SpamSenderReputation"("userId");
CREATE UNIQUE INDEX "SpamSenderReputation_userId_domain_key" ON "SpamSenderReputation"("userId", "domain");
CREATE INDEX "InvoiceAuditLog_userId_invoiceId_idx" ON "InvoiceAuditLog"("userId", "invoiceId");
CREATE INDEX "MessagingEmail_userId_sentAt_idx" ON "MessagingEmail"("userId", "sentAt");
CREATE UNIQUE INDEX "MessagingEmail_userId_messageId_key" ON "MessagingEmail"("userId", "messageId");
CREATE UNIQUE INDEX "MessagingEmailRecipient_openToken_key" ON "MessagingEmailRecipient"("openToken");
CREATE INDEX "MessagingEmailRecipient_emailId_address_idx" ON "MessagingEmailRecipient"("emailId", "address");
CREATE INDEX "MessagingEmailLink_emailId_idx" ON "MessagingEmailLink"("emailId");
CREATE UNIQUE INDEX "MessagingEmailLinkRecipient_token_key" ON "MessagingEmailLinkRecipient"("token");
CREATE INDEX "MessagingEmailLinkRecipient_linkId_idx" ON "MessagingEmailLinkRecipient"("linkId");
CREATE INDEX "MessagingEmailLinkRecipient_recipientId_idx" ON "MessagingEmailLinkRecipient"("recipientId");
CREATE INDEX "MessagingEmailEvent_emailId_occurredAt_idx" ON "MessagingEmailEvent"("emailId", "occurredAt");
CREATE INDEX "MessagingEmailEvent_recipientId_idx" ON "MessagingEmailEvent"("recipientId");
CREATE INDEX "MessagingEmailEvent_linkRecipientId_idx" ON "MessagingEmailEvent"("linkRecipientId");
CREATE UNIQUE INDEX "MessagingSettings_userId_key" ON "MessagingSettings"("userId");
CREATE INDEX "MessagingAutoReplyLog_userId_senderEmail_idx" ON "MessagingAutoReplyLog"("userId", "senderEmail");
CREATE INDEX "MessagingAutoReplyLog_userId_sentAt_idx" ON "MessagingAutoReplyLog"("userId", "sentAt");
CREATE INDEX "MessagingScheduledEmail_userId_status_sendAt_idx" ON "MessagingScheduledEmail"("userId", "status", "sendAt");
CREATE INDEX "MessagingScheduledEmail_status_sendAt_idx" ON "MessagingScheduledEmail"("status", "sendAt");
CREATE INDEX "MessagingScheduledAttachment_scheduledEmailId_idx" ON "MessagingScheduledAttachment"("scheduledEmailId");
CREATE INDEX "Client_userId_displayName_idx" ON "Client"("userId", "displayName");
CREATE INDEX "Product_userId_name_idx" ON "Product"("userId", "name");
CREATE UNIQUE INDEX "Product_userId_sku_key" ON "Product"("userId", "sku");
CREATE UNIQUE INDEX "WebsiteConfig_userId_key" ON "WebsiteConfig"("userId");
CREATE UNIQUE INDEX "WebsiteConfig_slug_key" ON "WebsiteConfig"("slug");
CREATE UNIQUE INDEX "WebsiteConfig_previewToken_key" ON "WebsiteConfig"("previewToken");
CREATE UNIQUE INDEX "WebsiteConfig_customDomain_key" ON "WebsiteConfig"("customDomain");
CREATE UNIQUE INDEX "WebsiteConfig_domainVerificationCode_key" ON "WebsiteConfig"("domainVerificationCode");
COMMIT;
